county_fips,income_group,n_zctas_in_county,suppression_flag,fold,prob_high_risk,pred_high_risk,true_label
01073,0,62,0,0,0.4802023646405853,0,0
01081,0,14,0,0,0.6324364279061581,1,1
04019,0,48,0,0,0.6839214487547491,1,1
04025,0,31,0,0,0.190295188408981,0,1
05013,0,6,0,0,0.08618274294913579,0,0
05119,0,31,0,0,0.3561388948844874,0,0
05137,0,16,0,0,0.034400133410062074,0,0
06037,0,292,0,0,0.0010225013602098954,0,0
06053,0,31,0,0,0.1513497051141319,0,0
06075,0,29,0,0,0.07039198840218532,0,0
06081,0,30,0,0,0.047712941289653414,0,0
06089,0,30,0,0,0.4699710740421629,0,1
08015,0,5,0,0,0.012120413886494652,0,0
08017,0,4,0,0,0.0041824964306285805,0,0
08019,0,6,0,0,0.007503637145392406,0,0
08021,0,8,0,0,0.018989940321816345,0,0
08039,0,14,0,0,0.028879331592585725,0,0
08047,0,4,0,0,0.011286141118623957,0,0
08065,0,2,0,0,0.058030956095441566,0,0
08071,0,11,0,0,0.062454564543977645,0,0
08105,0,4,0,0,0.047971824337192576,0,0
12021,0,23,0,0,0.026330409940138303,0,0
12029,0,6,0,0,0.05018740428407698,0,0
12031,0,36,0,0,0.093829465643932,0,0
12037,0,8,0,0,0.03860797337292224,0,0
12069,0,28,0,0,0.10702588889689119,0,0
12105,0,41,0,0,0.17661373368245759,0,0
12115,0,28,0,0,0.043410047619802467,0,0
13029,0,3,0,0,0.01614189592641413,0,0
13049,0,4,0,0,0.10147354764458281,0,0
13053,0,2,0,0,0.06284072430912904,0,0
13091,0,8,0,0,0.10537092452045073,0,0
13177,0,7,0,0,0.052923503527952505,0,0
13187,0,4,0,0,0.0847266347002927,0,0
13199,0,10,0,0,0.1474199706719185,0,0
13307,0,6,0,0,0.026821149037250105,0,0
16005,0,10,0,0,0.29558836496122337,0,0
16023,0,3,0,0,0.0010274135381918474,0,0
16049,0,16,0,0,0.0023905837230719087,0,0
16051,0,10,0,0,0.04465577097251606,0,0
16085,0,4,0,0,0.0018213693311481586,0,0
17029,0,16,0,0,0.3158500305748153,0,0
17037,0,22,0,0,0.37964869929131023,0,0
17051,0,20,0,0,0.16321271152381667,0,0
17077,1,22,0,0,0.2548534345429159,0,0
17079,0,15,0,0,0.06059562161446086,0,0
17135,0,28,0,0,0.1491953692099193,0,0
17145,0,12,0,0,0.12738834687006056,0,0
17151,0,10,0,0,0.022599013852706712,0,0
17155,0,8,0,0,0.03360002298844524,0,0
17169,0,12,0,0,0.015382126848974638,0,0
17185,0,7,0,0,0.09076444072897441,0,0
17197,0,45,0,0,0.2054951833610793,0,0
18025,0,9,0,0,0.03092038129468164,0,0
18033,0,14,0,0,0.22146369103370891,0,0
18049,0,16,0,0,0.3251407878371155,0,0
18135,0,14,0,0,0.36084685334900013,0,0
18165,0,8,0,0,0.18159150217797934,0,0
19029,0,13,0,0,0.01685092404353742,0,0
19075,0,16,0,0,0.026123815155425573,0,0
19081,0,13,0,0,0.01362412957723709,0,0
19119,0,12,0,0,0.011613612418922928,0,0
19135,0,7,0,0,0.003957484861894719,0,0
19143,0,8,0,0,0.02800578535963198,0,0
19159,0,12,0,0,0.004824881711787654,0,0
20053,0,9,0,0,0.005482227237044105,0,0
20063,0,10,0,0,0.004334720066217595,0,0
20065,0,13,0,0,0.0012637317161543421,0,0
20071,0,2,0,0,0.007031744342443602,0,0
20093,0,4,0,0,0.03134938645523534,0,0
20101,0,5,0,0,0.007806824313370033,0,0
20145,0,9,0,0,0.012313946112636991,0,0
20151,0,11,0,0,0.016864056142362513,0,0
20183,0,10,0,0,0.011211377049311527,0,0
20193,0,8,0,0,0.015436598503409699,0,0
20195,0,8,0,0,0.005435161753220749,0,0
20199,0,4,0,0,0.002538151578448503,0,0
20203,0,3,0,0,0.006377653092369633,0,0
21111,0,41,0,0,0.6315319201525208,1,0
21129,1,6,0,0,0.10766335823547879,0,0
21131,1,22,0,0,0.0294021152973747,0,0
21169,0,10,0,0,0.11130866667201926,0,0
21181,0,6,0,0,0.17892164845669672,0,0
22015,0,15,0,0,0.18802175586463188,0,1
22035,1,4,0,0,0.12025498814123231,0,0
22059,0,8,0,0,0.08236654799000051,0,0
22061,1,8,0,0,0.9805534441242781,1,1
22071,1,17,0,0,0.886123245112707,1,0
22081,1,5,0,0,0.05733590867671751,0,0
22091,1,7,0,0,0.08220945177085094,0,0
22125,0,4,0,0,0.0007458774692984144,0,0
23029,0,31,0,0,0.04636532750542065,0,0
26047,0,11,0,0,0.04059951110373095,0,0
26057,0,20,0,0,0.22464733233695214,0,0
26083,0,6,0,0,0.0030775822946341757,0,0
26125,0,71,0,0,0.11978132848060963,0,0
26133,0,9,0,0,0.15647292172831018,0,0
26153,0,7,0,0,0.06982451407779679,0,0
27013,0,20,0,0,0.11081247931145184,0,0
27043,0,14,0,0,0.02011236624862879,0,0
27045,0,16,0,0,0.006216845174525968,0,0
27059,0,12,0,0,0.013080101659903639,0,0
27071,0,13,0,0,0.0035625675905555016,0,0
27073,0,10,0,0,0.004302626996882783,0,0
27087,0,8,0,0,0.02772193138486794,0,0
27125,0,9,0,0,0.0017617297285943232,0,0
27155,0,9,0,0,0.0027547557648408025,0,0
27159,0,7,0,0,0.009443714894568366,0,0
27161,0,13,0,0,0.03429868865742385,0,0
27167,0,12,0,0,0.004431998304402598,0,0
28053,1,8,0,0,0.28769247187412106,0,0
28055,1,6,0,0,0.019053674293782852,0,0
28067,0,13,0,0,0.06757727903117645,0,1
28077,0,8,0,0,0.016282137564597572,0,0
28151,1,8,0,0,0.687688202618724,1,1
28155,0,10,0,0,0.009964319941427676,0,0
29005,0,9,0,0,0.014400378962665692,0,0
29045,0,11,0,0,0.050775449470041915,0,0
29047,0,23,0,0,0.148985402626024,0,0
29053,0,14,0,0,0.022896370872589413,0,0
29075,0,13,0,0,0.0314567180356766,0,0
29081,0,13,0,0,0.043653832173175276,0,0
29089,0,10,0,0,0.05840845547970792,0,0
29151,0,15,0,0,0.010106020127085408,0,0
29171,0,10,0,0,0.01376845599664967,0,0
29205,0,9,0,0,0.06056580732378395,0,0
30055,0,6,0,0,0.025068782084917744,0,0
30057,0,18,0,0,0.0006371678264161584,0,0
30063,0,16,0,0,0.02998374374990422,0,0
30065,0,5,0,0,0.0073053667617518836,0,0
30067,0,9,0,0,0.004526570129371526,0,0
30077,0,8,0,0,0.0017554590155230922,0,0
30101,0,8,0,0,0.011061278362887336,0,0
31017,0,4,0,0,0.0015240665419405399,0,0
31021,0,8,0,0,0.0025126029266458105,0,0
31035,0,15,0,0,0.001891971916572088,0,0
31039,0,11,0,0,0.0027689949549791846,0,0
31051,0,12,0,0,0.0018616049379862726,0,0
31053,0,14,0,0,0.007604351701220625,0,0
31089,0,14,0,0,0.0007705762370237893,0,0
31091,0,1,0,0,0.0013064735965932937,0,0
31099,0,11,0,0,0.004702218610423224,0,0
31105,0,5,0,0,0.0025319706919409313,0,0
31115,0,5,0,0,0.0017922376773759315,0,0
31127,0,13,0,0,0.0019180854006720603,0,0
31139,0,9,0,0,0.003135640906291841,0,0
31143,0,10,0,0,0.0029509799099493653,0,0
31145,0,8,0,0,0.0026516728400126873,0,0
31147,0,9,0,0,0.002962653569917201,0,0
31163,0,8,0,0,0.002376698859863686,0,0
31165,0,8,0,0,0.05254811145886669,0,0
31169,0,15,0,0,0.0024369725821202426,0,0
32027,0,3,0,0,0.12322429586863386,0,0
34013,0,31,0,0,0.4187938309771882,0,0
34029,0,30,0,0,0.10055915796182592,0,0
34039,0,27,0,0,0.2752752035437967,0,0
35013,1,26,0,0,0.7671140584497971,1,0
35031,1,24,0,0,0.7245151254519102,1,1
36087,0,25,0,0,0.13949139882419664,0,0
36121,0,24,0,0,0.010774541465051522,0,0
37011,0,10,0,0,0.005876118029950614,0,0
37097,0,16,0,0,0.0712818686326951,0,0
37115,0,6,0,0,0.0025300406044442905,0,0
37117,1,11,0,0,0.051157382473813594,0,0
37183,0,39,0,0,0.0069103482477725995,0,0
38007,0,8,0,0,0.0018033314422265427,0,0
38025,0,12,0,0,0.0041421429637307884,0,0
38029,0,8,0,0,0.0030564078281016312,0,0
38033,0,4,0,0,0.0009846611437069504,0,0
38045,0,12,0,0,0.001632963034498659,0,0
38065,0,6,0,0,0.0010773023076119108,0,0
38069,0,11,0,0,0.0027913756131063058,0,0
38077,0,19,0,0,0.012003729556867477,0,0
38081,0,12,0,0,0.0003974768258898586,0,0
38091,0,12,0,0,0.0009136425289320599,0,0
38097,0,12,0,0,0.001089821261266136,0,0
38103,0,12,0,0,0.0018397798473816396,0,0
39021,0,17,0,0,0.17139206431137588,0,0
39029,0,24,0,0,0.23895335200365464,0,0
39039,0,14,0,0,0.2337288093450483,0,0
39095,0,30,0,0,0.7642455122635899,1,0
39109,0,18,0,0,0.26695781145428327,0,0
39153,0,41,0,0,0.21920411233868184,0,0
39175,0,13,0,0,0.1316120466348371,0,0
40029,1,10,0,0,0.25712124590579816,0,0
40125,0,16,0,0,0.2877516571638623,0,1
40143,0,42,0,0,0.5913742242783915,1,0
41025,0,10,0,0,0.03191594816924929,0,0
41037,0,10,0,0,0.24565947871556468,0,0
41045,0,13,0,0,0.3137810400805245,0,0
41057,0,16,0,0,0.023197311914921647,0,0
42049,0,32,0,0,0.4015411340182912,0,0
42057,0,17,0,0,0.006546641278655581,0,0
42083,0,22,0,0,0.004537552352483916,0,0
42121,0,23,0,0,0.014597381174655697,0,0
45045,0,27,0,0,0.08532762229145982,0,0
45061,1,12,0,0,0.14999049644110116,0,0
45075,1,24,0,0,0.45789950602318025,0,1
46023,1,10,0,0,0.010497645218528038,0,0
46025,0,13,0,0,0.00198428637637418,0,0
46027,1,8,0,0,0.07089943708675282,0,0
46053,0,8,0,0,0.0015851903651087952,0,0
46097,0,9,0,0,0.001311174935738044,0,0
46101,0,13,0,0,0.013240116317223855,0,0
46117,0,4,0,0,0.0007024610616311401,0,0
46119,0,6,0,0,0.002090919020361679,0,0
46137,1,7,0,0,0.11284220352856518,0,0
47037,0,35,0,0,0.5206401898467372,1,0
47061,1,10,0,0,0.1659198604320443,0,0
47081,0,13,0,0,0.051006408613346425,0,0
47087,0,11,0,0,0.22999030110444088,0,0
47091,1,5,0,0,0.1130825416932103,0,0
47095,1,2,0,0,0.21646314811944123,0,0
47103,0,12,0,0,0.3805997304132661,0,0
48027,0,23,0,0,0.5605407962119481,1,0
48029,0,77,0,0,0.7539103962152598,1,0
48061,1,17,0,0,0.5040782446332646,1,0
48065,0,6,0,0,0.08473902357176945,0,0
48121,0,37,0,0,0.29403184333160626,0,0
48163,1,5,0,0,0.2668628337414146,0,0
48187,0,14,0,0,0.33544285261427886,0,0
48201,0,141,0,0,0.713813533712269,1,0
48215,1,28,0,0,0.6280056023283891,1,0
48229,1,6,0,0,0.3889553001576534,0,0
48231,0,17,0,0,0.4753415216699511,0,1
48237,0,11,0,0,0.2494420024255176,0,0
48245,0,18,0,0,0.7265877521997819,1,0
48311,0,7,0,0,0.1904532593888323,0,0
48357,0,5,0,0,0.21774314659370758,0,0
48393,0,5,0,0,0.17727124036375955,0,0
48413,0,3,0,0,6.1635121484065334e-06,0,0
48425,0,7,0,0,0.3717177092777166,0,0
48447,0,7,0,0,0.0255139480770858,0,0
48453,0,63,0,0,0.242584024280212,0,0
48483,0,6,0,0,0.08550786562233187,0,0
49009,0,2,0,0,0.009248592198972587,0,0
49015,0,9,0,0,0.11473783811631183,0,0
49017,0,11,0,0,0.04900159464779198,0,0
51045,0,5,0,0,0.00010524321104338662,0,0
51077,0,9,0,0,0.06076761464158081,0,0
51165,0,22,0,0,0.07767261305319287,0,0
51530,0,1,0,0,0.18935065594566056,0,0
51540,0,4,0,0,0.03520036878091355,0,0
51600,0,3,0,0,0.01661647172543508,0,0
51620,0,1,0,0,0.1678176771038772,0,0
51830,0,2,0,0,0.019597145513783637,0,0
53001,0,11,0,0,0.42752387700468136,0,0
53019,0,9,0,0,0.03730115289597299,0,0
53033,0,84,0,0,0.0455364402112647,0,0
53075,1,20,0,0,0.3053875540546924,0,0
54001,0,12,0,0,0.095841698430437,0,0
54027,0,20,0,0,0.040236441686425144,0,0
54031,0,10,0,0,0.03558472953662604,0,0
54047,1,36,0,0,0.033353238251569675,0,0
54063,0,13,0,0,0.08899745978309398,0,0
54071,0,9,0,0,0.013369629048067851,0,0
54085,0,14,0,0,0.04096577852828221,0,0
54089,0,15,0,0,0.08531890638876241,0,0
55011,0,9,0,0,0.002044969412032884,0,0
55049,0,19,0,0,0.005784783436211624,0,0
55113,0,12,0,0,0.0016296069016487214,0,0
56011,0,10,0,0,0.0021882844843655164,0,0
56027,0,5,0,0,0.03693225261851634,0,0
04007,0,13,0,1,0.07752580372023722,0,1
04013,0,136,0,1,0.7538638535236357,1,1
04017,1,33,0,1,0.1625417757434388,0,1
04021,0,34,0,1,0.413480992459965,0,1
05089,0,17,0,1,0.0345954107978958,0,0
05143,0,20,0,1,0.16377068478336373,0,0
06001,0,53,0,1,0.1671037311788607,0,0
06025,1,17,0,1,0.7989531911184051,1,1
06047,0,24,0,1,0.8340914539749967,1,0
06073,0,108,0,1,0.40784506001882403,0,0
08029,0,8,0,1,0.07482382290392223,0,0
08033,0,5,0,1,0.005089258420873745,0,0
08053,0,3,0,1,0.0019048264386558116,0,0
08061,0,5,0,1,0.012830909521436057,0,0
08079,0,3,0,1,0.00216305918110231,0,0
08085,0,12,0,1,0.09942540746094512,0,0
08089,0,7,0,1,0.21027688879330042,0,0
08091,0,3,0,1,0.0035853190030413684,0,0
08093,0,12,0,1,0.03697589376526642,0,0
08097,0,7,0,1,0.002558033034321239,0,0
08103,0,4,0,1,0.04140511522961713,0,0
12045,0,2,0,1,0.00896720210041491,0,0
12047,1,3,0,1,0.07846547079972775,0,0
12103,0,48,0,1,0.2720270418486075,0,0
13011,0,11,0,1,0.22010004841186012,0,0
13051,0,14,0,1,0.23710251122520995,0,0
13065,1,7,0,1,0.21104997785398394,0,0
13067,0,23,0,1,0.07059024868414633,0,0
13123,0,5,0,1,0.016759414145778608,0,0
13131,1,6,0,1,0.15089005320405371,0,0
13141,1,5,0,1,0.055607079413904685,0,0
13143,0,7,0,1,0.14265730781378583,0,0
13171,0,9,0,1,0.2152459332536432,0,0
13183,0,5,0,1,0.056159001814459306,0,0
13213,0,6,0,1,0.1103701047930174,0,0
13245,0,11,0,1,0.7494338377209152,1,0
13321,0,12,0,1,0.28193157410495445,0,0
16021,0,4,0,1,0.0058748791834852205,0,0
16027,0,13,0,1,0.3876499706182071,0,0
16037,0,7,0,1,0.00017360885990871762,0,0
16053,0,5,0,1,0.23276377524947342,0,0
16067,0,5,0,1,0.2403578607325406,0,0
16077,0,4,0,1,0.15524095294473458,0,0
17005,0,12,0,1,0.08474368602099705,0,0
17009,0,5,0,1,0.009531058153115309,0,0
17015,0,11,0,1,0.026421116103790578,0,0
17023,0,11,0,1,0.034765219242776785,0,0
17047,0,6,0,1,0.03301467880943091,0,0
17065,0,13,0,1,0.030823585453330818,0,0
17067,0,19,0,1,0.034074366753887864,0,0
17089,0,33,0,1,0.1919056116113207,0,0
17129,0,8,0,1,0.020655358780992936,0,0
17131,0,18,0,1,0.025468197921892033,0,0
17139,0,11,0,1,0.11188509711876464,0,0
17175,0,10,0,1,0.05141076062090953,0,0
18007,0,10,0,1,0.24489926057583833,0,0
18075,0,9,0,1,0.4423852982424214,0,0
18089,0,28,0,1,0.5459607098682268,1,0
18099,0,13,0,1,0.40466883661825903,0,0
18113,0,17,0,1,0.13605419884789482,0,0
18159,0,10,0,1,0.1992103330613257,0,0
18179,0,16,0,1,0.19356948131835747,0,0
19025,0,14,0,1,0.014419523769831877,0,0
19033,0,17,0,1,0.04211965048571726,0,0
19055,0,16,0,1,0.015169607216113516,0,0
19059,0,10,0,1,0.014594769570270135,0,0
19063,0,7,0,1,0.01840681472186435,0,0
19073,0,13,0,1,0.012210301732685615,0,0
19085,0,15,0,1,0.006521246259706501,0,0
19093,0,12,0,1,0.008037628687455962,0,0
19125,0,19,0,1,0.006569241686497519,0,0
19139,0,13,0,1,0.04339634544381385,0,0
19141,0,14,0,1,0.01794951468841828,0,0
19147,0,14,0,1,0.009350316677794998,0,0
19167,0,19,0,1,0.013151332662631984,0,0
19183,0,13,0,1,0.029735496345957988,0,0
20025,0,6,0,1,0.0023738977648942346,0,0
20031,0,10,0,1,0.0369857558038054,0,0
20075,0,4,0,1,0.023392863729400953,0,0
20081,0,3,0,1,0.03763190868051027,0,0
20109,0,7,0,1,0.0003818620402244621,0,0
20123,0,7,0,1,0.007029776783735808,0,0
20137,0,7,0,1,0.005154162552470705,0,0
20143,0,11,0,1,0.012172131361383504,0,0
20173,0,50,0,1,0.34251650974517706,0,0
20177,0,29,0,1,0.6225784646307521,1,0
20191,0,18,0,1,0.014827802346283264,0,0
20197,0,16,0,1,0.05814545688835831,0,0
21005,0,5,0,1,0.07056746062163105,0,0
21007,0,6,0,1,0.6797968491833826,1,0
21043,0,10,0,1,0.19255833284428717,0,0
21091,0,5,0,1,0.08204644936957847,0,0
21095,1,27,0,1,0.1744079267002017,0,0
21109,1,5,0,1,0.09213374730860951,0,0
21139,0,7,0,1,0.09386425287244024,0,0
21233,0,10,0,1,0.18381859659667493,0,0
22025,1,9,0,1,0.08550892350868289,0,0
22029,1,5,0,1,0.22578647652436573,0,0
22033,0,24,0,1,0.6288061158627994,1,0
22037,1,8,0,1,0.04429519584183988,0,0
22051,0,17,0,1,0.6482367037745808,1,0
22067,1,7,0,1,0.20220064523671513,0,0
23015,0,25,0,1,0.005221704524291525,0,0
24003,0,40,0,1,0.055214908256787765,0,0
24031,0,50,0,1,0.014553633355741965,0,0
26001,0,13,0,1,0.024583777018281305,0,0
26019,0,11,0,1,0.034542841120583444,0,0
26051,0,7,0,1,0.19862876443530544,0,0
26079,0,8,0,1,0.07337357900485594,0,0
26085,0,11,0,1,0.09762998542978235,0,0
26095,0,3,0,1,0.015081315318615056,0,0
26097,0,15,0,1,0.0872317222633633,0,0
26135,0,8,0,1,0.05075430121076339,0,0
26143,0,7,0,1,0.09074538371070413,0,0
27019,0,18,0,1,0.008784897527625408,0,0
27029,0,11,0,1,0.01467699841992268,0,0
27031,0,6,0,1,0.00039605979815944374,0,0
27075,0,8,0,1,0.0006256273238531311,0,0
27085,0,12,0,1,0.013621078845892916,0,0
27113,0,7,0,1,0.011403500865251173,0,0
27121,0,12,0,1,0.0044148664754700305,0,0
27143,0,16,0,1,0.010438905879967542,0,0
28005,1,9,0,1,0.003420606014868835,0,0
28009,1,11,0,1,0.015373238548444265,0,0
28047,0,13,0,1,0.5935791938678547,1,1
28059,0,10,0,1,0.07891761644347696,0,1
28079,1,7,0,1,0.042407440290886736,0,0
28111,0,8,0,1,0.014166558676183513,0,0
28129,0,15,0,1,0.019591815767366634,0,0
29007,0,14,0,1,0.15458586363642846,0,0
29073,0,11,0,1,0.019841645348565896,0,0
29097,0,19,0,1,0.25845485639237564,0,0
29111,0,12,0,1,0.04002595314363199,0,0
29141,0,15,0,1,0.07674331855299957,0,0
29155,1,13,0,1,0.4824278430944925,0,0
30001,0,10,0,1,0.002971067320062435,0,0
30007,0,6,0,1,0.004472912675791792,0,0
30017,0,6,0,1,0.003873841081891262,0,0
30045,0,12,0,1,6.01714521075992e-05,0,0
30083,0,9,0,1,0.00474578306492894,0,0
30097,0,6,0,1,0.0013598938029295835,0,0
30099,0,12,0,1,0.004640208771742293,0,0
30103,0,2,0,1,0.0078033715157808815,0,0
30109,0,2,0,1,0.004010787542662562,0,0
31019,0,14,0,1,0.03347577238661232,0,0
31047,0,11,0,1,0.004966772864757212,0,0
31049,0,4,0,1,0.0025955896525999586,0,0
31055,0,35,0,1,0.08741496657402924,0,0
31059,0,14,0,1,0.0007040938351471249,0,0
31069,0,9,0,1,0.0008433841145672062,0,0
31077,0,8,0,1,0.0017417307732437962,0,0
31085,0,8,0,1,0.0013259540532595182,0,0
31087,0,6,0,1,0.0009644573178753406,0,0
31125,0,8,0,1,0.0016328772551797099,0,0
32011,0,4,0,1,0.06497803858593007,0,0
32015,0,2,0,1,0.08964195654062965,0,0
33003,0,30,0,1,0.0072585067319464085,0,0
34001,0,30,0,1,0.3389583462427418,0,0
34003,0,66,0,1,0.03877169464414226,0,0
34005,0,38,0,1,0.03411698430766032,0,0
34017,0,16,0,1,0.5034541834319008,1,0
34023,0,44,0,1,0.0815330234302133,0,0
35021,0,6,0,1,0.017726123343644373,0,0
35027,0,14,0,1,0.07339425583609434,0,0
35047,1,19,0,1,0.1028363568429728,0,0
36051,0,30,0,1,0.023887620321532205,0,0
36059,0,69,0,1,0.17242260870221307,0,0
36079,0,12,0,1,0.011968674201142745,0,0
36081,0,63,0,1,0.5079406973110364,1,0
36085,0,12,0,1,0.3458231244668024,0,0
36103,0,108,0,1,0.1375873473306802,0,0
36123,0,13,0,1,0.025368295378705673,0,0
37075,0,2,0,1,0.004574625750619333,0,0
37099,0,11,0,1,0.0060445140827271125,0,0
37119,0,32,0,1,0.10159359211847951,0,0
37123,0,8,0,1,0.013469808268991643,0,0
37139,0,1,0,1,0.13171414411662263,0,0
37199,0,5,0,1,0.003465345430612251,0,0
38003,0,19,0,1,0.0015852186088048887,0,0
38011,0,5,0,1,0.0010745694035480882,0,0
38047,0,7,0,1,0.001813859500662334,0,0
38059,0,8,0,1,0.00124878823346175,0,0
38061,0,12,0,1,0.005490681413226716,0,0
38087,0,9,0,1,0.0011325956969594991,0,0
38093,0,21,0,1,0.2804600745766454,0,0
39011,0,18,0,1,0.19990044189416256,0,0
39027,0,13,0,1,0.35576940048776534,0,0
39031,0,18,0,1,0.10540311345275326,0,0
39113,0,40,0,1,0.7132360282316792,1,0
40057,1,6,0,1,0.10402812110094349,0,0
40061,0,7,0,1,0.18015302461171095,0,0
40151,0,7,0,1,0.1090922241473097,0,0
41063,0,5,0,1,0.00740377741538974,0,0
41071,0,15,0,1,0.15669094494429578,0,0
42029,0,44,0,1,0.04957137450561933,0,0
42031,0,31,0,1,0.04792546110351386,0,0
42045,0,44,0,1,0.1701667573344592,0,0
42113,0,13,0,1,0.013530824670989589,0,0
42131,0,15,0,1,0.005180690926126835,0,0
44007,0,39,0,1,0.6832187551863269,1,0
45019,0,30,0,1,0.163624593164348,0,0
46003,0,9,0,1,0.0009182839366800635,0,0
46051,0,12,0,1,0.0018264682549492773,0,0
46069,0,5,0,1,0.00033771334662163586,0,0
46102,1,11,0,1,0.08716486664620668,0,0
46105,0,9,0,1,0.00175197723232966,0,0
47007,0,9,0,1,0.0884843551568738,0,0
47015,0,9,0,1,0.16136380716440674,0,0
47023,0,12,0,1,0.11331978129786317,0,0
47057,0,9,0,1,0.24385582176269205,0,0
47065,0,31,0,1,0.23269705305201416,0,0
47113,0,13,0,1,0.29494072090443607,0,1
47151,1,9,0,1,0.14063139835477792,0,0
47169,0,5,0,1,0.1414517371480108,0,0
48033,0,9,0,1,0.1673474947477734,0,0
48041,1,9,0,1,0.6548036197138482,1,0
48059,0,9,0,1,0.09815290056536384,0,0
48095,0,6,0,1,1.8150324824183577e-05,0,0
48103,0,2,0,1,0.09495176390529238,0,0
48181,0,21,0,1,0.3165825170861513,0,1
48235,0,4,0,1,0.037415676170836694,0,0
48257,0,13,0,1,0.4253598102495109,0,1
48263,0,4,0,1,0.09917748007176534,0,0
48267,0,6,0,1,0.1235892640402474,0,0
48301,0,1,0,1,0.21030332772520988,0,0
48309,0,29,0,1,0.7748182194478292,1,0
48319,0,6,0,1,0.00497914806423807,0,0
48351,0,11,0,1,0.06818130578344682,0,0
48359,0,6,0,1,0.022188553582912763,0,0
48385,1,8,0,1,0.0645268689039398,0,0
48423,0,22,0,1,0.40485193274198183,0,1
48433,0,7,0,1,0.02676842173747457,0,0
48435,0,2,0,1,0.09333710049408545,0,0
48443,0,2,0,1,0.016027268279386865,0,0
48485,0,11,0,1,0.8238633792595463,1,1
49001,0,4,0,1,0.0796190545979774,0,0
49029,0,2,0,1,0.004702093687325603,0,0
49035,0,36,0,1,0.6941141925976682,1,0
51043,0,7,0,1,0.007357357373911288,0,0
51089,0,12,0,1,0.19755702609292472,0,0
51099,0,3,0,1,0.004132434509959119,0,0
51169,0,12,0,1,0.04757753471243506,0,0
51640,0,1,0,1,0.181157391788384,0,0
51670,0,1,0,1,0.39271184136321663,0,0
51685,0,1,0,1,0.02239661524362788,0,0
51720,1,1,0,1,0.22871052657574642,0,0
53011,0,20,0,1,0.1747699198412989,0,0
53013,0,5,0,1,0.01617138586968302,0,0
53049,0,13,0,1,0.05032548013353645,0,0
53053,0,59,0,1,0.60841993596703,1,0
53061,0,30,0,1,0.083766118509717,0,0
53065,0,21,0,1,0.09081804173844865,0,0
54013,1,16,0,1,0.028255197962762206,0,0
54073,0,5,0,1,0.07305668466383602,0,0
54077,0,16,0,1,0.043393266838544456,0,0
55035,0,15,0,1,0.056188910014957925,0,0
55047,0,12,0,1,0.028654456426273185,0,0
55051,0,12,0,1,0.0017229991236581924,0,0
55067,0,15,0,1,0.0027626019692615147,0,0
55093,0,13,0,1,0.009443765772004285,0,0
55107,0,14,0,1,0.0021126354172780236,0,0
56015,0,9,0,1,0.017438277069283543,0,0
56023,0,15,0,1,0.004476810934942756,0,0
01005,1,9,0,2,0.20170473738328393,0,0
01041,0,11,0,2,0.044268685933962035,0,0
01049,0,24,0,2,0.4568995523974758,0,0
01061,0,14,0,2,0.12551463016312825,0,0
04011,0,3,0,2,0.11114020166344275,0,0
05007,0,21,0,2,0.059045417144304904,0,0
05017,1,6,0,2,0.26973477014917174,0,0
05109,0,10,0,2,0.05719672171596235,0,0
05131,0,16,0,2,0.2984801881129307,0,1
06071,0,93,0,2,0.7270835895466328,1,0
06085,0,63,0,2,0.0545133951549656,0,0
06111,0,33,0,2,0.07065971393326785,0,0
08011,0,6,0,2,0.18985064526502649,0,0
08031,0,36,0,2,0.46467689878715196,0,0
08049,0,10,0,2,0.007209201815352899,0,0
08057,0,2,0,2,2.0510179833818874e-06,0,0
08125,0,13,0,2,0.010777490397301007,0,0
10003,0,28,0,2,0.3001096777080751,0,0
11001,0,29,0,2,0.7811152003968251,1,1
12011,0,53,0,2,0.16243511486306644,0,0
12027,0,4,0,2,0.014629234674164273,0,0
12067,0,2,0,2,0.017839594590295153,0,0
12081,0,21,0,2,0.15107942395643104,0,0
12086,0,79,0,2,0.46965391850416355,0,0
12093,0,2,0,2,0.1247774909782728,0,0
12123,0,6,0,2,0.05613031745753756,0,0
12125,0,5,0,2,0.004522035893504452,0,0
13007,1,6,0,2,0.02284599868170993,0,0
13027,1,10,0,2,0.15236965227767832,0,0
13047,0,8,0,2,0.031386458854385735,0,0
13061,1,6,0,2,0.10599083413858364,0,0
13125,0,5,0,2,0.14299101003160078,0,0
13145,0,12,0,2,0.001461605110101323,0,0
13173,0,5,0,2,0.0874223801527369,0,0
13181,0,2,0,2,0.026481958523830867,0,0
13205,1,7,0,2,0.2839525795831396,0,0
13209,0,7,0,2,0.07607837129534102,0,0
13229,0,7,0,2,0.2666607338319446,0,0
13231,0,8,0,2,0.09057236676432992,0,0
13239,1,2,0,2,0.06774129683476046,0,0
13265,1,4,0,2,0.022457473964439142,0,0
13271,1,7,0,2,0.12052108402356865,0,0
13319,0,9,0,2,0.11544048199379725,0,0
16003,0,6,0,2,0.0011575356485066365,0,0
16007,0,10,0,2,5.4728855330538636e-08,0,0
16009,0,9,0,2,5.526583958476297e-06,0,0
16015,0,8,0,2,0.0008908803770166267,0,0
16033,0,3,0,2,0.039008856610039916,0,0
16061,0,7,0,2,0.0003332461753337317,0,0
17035,0,12,0,2,0.04701011964625069,0,0
17083,0,11,0,2,0.03781456962342071,0,0
17153,1,10,0,2,0.12636069192672794,0,0
17163,0,34,0,2,0.1058789539846154,0,1
17195,0,15,0,2,0.0547370099284754,0,0
18027,0,7,0,2,0.6192979055847261,1,0
18031,0,10,0,2,0.06859516476492988,0,0
18041,0,8,0,2,0.4099223357868379,0,0
18057,0,23,0,2,0.023430501993938195,0,0
18097,0,40,0,2,0.7158649410585955,1,0
18111,0,12,0,2,0.27458098132614667,0,0
18121,0,12,0,2,0.12024713784373642,0,0
18137,0,12,0,2,0.034238946754387274,0,0
18171,0,11,0,2,0.08330224777304157,0,0
18183,0,10,0,2,0.03432177868298956,0,0
19001,0,14,0,2,0.0018584458089811614,0,0
19019,0,16,0,2,0.00685307331830654,0,0
19043,0,24,0,2,0.00347033654328226,0,0
19051,0,10,0,2,0.0010067879619525568,0,0
19053,0,11,0,2,0.00509167051320173,0,0
19065,0,24,0,2,0.011139841533525228,0,0
19069,0,17,0,2,0.004140115846666011,0,0
19091,0,17,0,2,0.015372597599590775,0,0
19101,0,16,0,2,0.009827498330239874,0,0
19107,0,19,0,2,0.001923892936818652,0,0
19137,0,10,0,2,0.006294984012313791,0,0
19171,0,19,0,2,0.005074887155830086,0,0
19175,0,10,0,2,0.004016143741925258,0,0
19177,0,13,0,2,9.465103811603653e-05,0,0
19185,0,12,0,2,0.005358444436098757,0,0
19189,0,11,0,2,0.00512137339373275,0,0
20003,0,10,0,2,0.025944622642056943,0,0
20007,0,11,0,2,0.006732917357162858,0,0
20017,0,11,0,2,0.09897355137904441,0,0
20119,0,5,0,2,0.0033125346572778166,0,0
20141,0,12,0,2,0.0028995770094059478,0,0
20153,0,10,0,2,0.004130447612356548,0,0
20157,0,15,0,2,0.001784201015493948,0,0
20165,0,10,0,2,9.172539710166707e-05,0,0
20181,0,4,0,2,0.0010266741257440527,0,0
20185,0,9,0,2,0.0050733784889544125,0,0
20189,0,4,0,2,0.05212774274719535,0,0
20207,0,10,0,2,0.042495769537828826,0,0
21053,1,4,0,2,0.436925477349526,0,0
21155,0,11,0,2,0.2719533450182849,0,0
21177,0,17,0,2,0.22348828997543704,0,0
21193,1,21,0,2,0.34978590268107446,0,0
21215,0,8,0,2,0.056477042477194775,0,0
21219,0,9,0,2,0.1038118127701987,0,0
21229,0,7,0,2,0.04553970932962607,0,0
22017,1,25,0,2,0.3900709752991375,0,1
23023,0,8,0,2,0.0025550740143792197,0,0
24005,0,54,0,2,0.1632273224167079,0,1
25017,0,83,0,2,0.023879331364269188,0,0
25021,0,41,0,2,0.025140022514402265,0,0
26029,0,10,0,2,0.030728141036487498,0,0
26033,0,17,0,2,0.15720701946532686,0,0
26035,0,8,0,2,0.5405245562753709,1,0
26043,0,11,0,2,0.008172878336900146,0,0
26105,0,10,0,2,0.17423110817163392,0,0
26107,0,16,0,2,0.29164218325262864,0,0
26111,0,15,0,2,0.05156989643667859,0,0
26117,0,25,0,2,0.21751969713218716,0,0
27011,0,10,0,2,0.0015426480006129665,0,0
27015,0,10,0,2,0.0052589739312446345,0,0
27021,0,24,0,2,0.0016943342551355948,0,0
27023,0,10,0,2,0.005971108093770366,0,0
27055,0,9,0,2,0.0003408885785195415,0,0
27063,0,14,0,2,0.01046286172915938,0,0
27081,0,12,0,2,0.0026251483948394024,0,0
27089,0,15,0,2,0.0011791287823335118,0,0
27091,0,15,0,2,0.013034343341134836,0,0
27105,0,17,0,2,0.050807318742473795,0,0
27165,0,10,0,2,0.034300204333181115,0,0
28149,0,3,0,2,0.024696465956215177,0,0
28157,1,4,0,2,0.005447646369768492,0,0
29125,0,10,0,2,0.005802944486081631,0,0
29137,0,16,0,2,0.050343607889830215,0,0
29167,0,18,0,2,0.21351278001716031,0,0
29189,0,46,0,2,0.12052220367542264,0,0
29221,1,16,0,2,0.05397473877152015,0,0
29510,1,29,0,2,0.9331970056452884,1,1
30027,0,11,0,2,0.001734270976329504,0,0
30033,0,8,0,2,0.0009733179099367391,0,0
30039,0,5,0,2,0.0009366027116498296,0,0
30051,0,5,0,2,0.046161730016717806,0,0
30085,1,10,0,2,0.17129402771811056,0,0
30089,0,11,0,2,0.008553939695716302,0,0
30093,0,7,0,2,0.011793828900971817,0,0
31031,0,18,0,2,0.0003617657942730324,0,0
31043,0,8,0,2,0.005709267385052766,0,0
31057,0,7,0,2,0.0002854135288368207,0,0
31071,0,3,0,2,0.0011774950490861201,0,0
31097,0,12,0,2,0.00016133495722587922,0,0
31113,0,3,0,2,0.00016609137439974078,0,0
31117,0,5,0,2,0.0003884569799961598,0,0
31133,0,11,0,2,0.0006742107846356561,0,0
31137,0,10,0,2,0.0004712996460639402,0,0
31167,0,10,0,2,0.0007866009754493794,0,0
31175,0,6,0,2,0.0011793377002922375,0,0
31181,0,8,0,2,0.0002022441397147307,0,0
32003,0,73,0,2,0.9325050857191698,1,1
32023,0,11,0,2,0.8724435702978082,1,1
32029,0,5,0,2,0.3783596753274964,0,0
35011,0,1,0,2,0.04477204944632737,0,0
35033,0,13,0,2,0.005015883926510645,0,0
36025,0,47,0,2,0.006701926018296591,0,0
36035,0,14,0,2,0.07359089882658833,0,0
36047,1,39,0,2,0.8841672948209233,1,0
36061,0,47,0,2,0.48781603168712,0,0
36069,0,25,0,2,0.010677274759875122,0,0
36119,0,77,0,2,0.053102178114037,0,0
37005,0,7,0,2,0.026897650386822552,0,0
37009,0,12,0,2,0.0034345123933309713,0,0
37113,0,6,0,2,0.0013671596822868687,0,0
37121,0,4,0,2,0.0024288895609451007,0,0
37143,0,6,0,2,0.012168071944626902,0,0
37145,0,10,0,2,0.012795235980965804,0,0
37155,1,13,0,2,0.35621677710811833,0,0
37167,0,12,0,2,0.032348397208369586,0,0
38017,0,29,0,2,0.03729774029917734,0,0
38041,0,5,0,2,0.00025714679088604945,0,0
38049,0,18,0,2,0.00011545819033621863,0,0
38055,0,18,0,2,0.00022764860786651784,0,0
38089,0,10,0,2,0.0009417129534973171,0,0
39005,0,19,0,2,0.07382517535860682,0,0
39015,0,19,0,2,0.1420040261565703,0,0
39035,0,52,0,2,0.54347925190348,1,0
39043,0,13,0,2,0.2055195121650186,0,0
39051,0,12,0,2,0.1144501409156472,0,0
39053,0,12,0,2,0.10466127480575105,0,0
39057,0,24,0,2,0.24610965269905444,0,0
39115,0,11,0,2,0.07202385429858431,0,0
39157,0,27,0,2,0.0610953255016828,0,0
40005,0,15,0,2,0.3463689843883174,0,0
40033,0,11,0,2,0.2669529373522962,0,0
40087,0,12,0,2,0.28484476374751627,0,0
40109,0,55,0,2,0.8433974651510965,1,1
41051,0,42,0,2,0.5550658903542596,1,0
41055,0,5,0,2,0.17864870355223555,0,0
42023,0,4,0,2,0.0013646242264051976,0,0
42067,0,13,0,2,0.010625968123085167,0,0
42071,0,57,0,2,0.10200799195545576,0,0
42077,0,34,0,2,0.16242921748960013,0,0
42093,0,9,0,2,0.00971125417272192,0,0
44001,0,3,0,2,0.0982341351478036,0,0
45053,1,9,0,2,0.060455562136086945,0,0
45071,0,11,0,2,0.03744167936716461,0,0
46015,0,6,0,2,0.000500088666955875,0,0
46055,0,5,0,2,0.0004046949874657798,0,0
46057,0,12,0,2,0.00021884940656997996,0,0
46071,1,12,0,2,0.0874875286348683,0,0
46075,0,5,0,2,0.0003210052696583898,0,0
46085,0,9,0,2,0.003863034702588293,0,0
46089,0,8,0,2,0.0005086699116842947,0,0
46127,0,9,0,2,0.0016999298967626095,0,0
47039,0,9,0,2,0.15904018899465197,0,0
47051,0,15,0,2,0.26657917413436366,0,0
47093,0,30,0,2,0.17342362908080886,0,0
47105,0,9,0,2,0.2581026674133709,0,0
47115,0,12,0,2,0.09894066167551396,0,0
47127,0,10,0,2,0.4710254205427852,0,0
48069,0,10,0,2,0.06656739535011649,0,0
48079,0,4,0,2,0.5332273585948399,1,0
48115,0,4,0,2,0.6085222094473022,1,0
48129,0,6,0,2,0.10766957161038967,0,0
48141,1,30,0,2,0.9548806755438124,1,1
48191,1,6,0,2,0.13154850371127705,0,0
48205,0,4,0,2,0.022848609537597896,0,0
48213,0,15,0,2,0.6355177734773917,1,1
48297,0,10,0,2,0.23429120670633244,0,0
48325,0,15,0,2,0.07088844165759518,0,0
48339,0,27,0,2,0.16634191552179034,0,0
48383,0,2,0,2,0.16605312903750835,0,0
48403,0,6,0,2,0.032533549285891236,0,0
48417,0,5,0,2,0.313440194685558,0,0
49013,0,12,0,2,0.5547532023360157,1,0
49023,0,6,0,2,0.0881305643310667,0,0
49031,0,6,0,2,0.06473851712919931,0,0
49045,0,8,0,2,0.25089347014326435,0,0
49047,0,10,0,2,0.13003350843406594,0,0
49051,0,6,0,2,0.03306508506805282,0,0
49055,0,6,0,2,0.07468573293025405,0,0
50015,0,11,0,2,0.004180714652422205,0,0
51001,0,33,0,2,0.017518609282115814,0,0
51011,0,8,0,2,0.009704366335956779,0,0
51017,0,7,0,2,1.177381061290118e-05,0,0
51023,0,12,0,2,0.009280066347765775,0,0
51033,0,11,0,2,0.005963632050899595,0,0
51035,0,17,0,2,0.06135153452316791,0,0
51053,0,12,0,2,0.0643307093845181,0,0
51059,0,48,0,2,0.004437290479455862,0,0
51125,0,17,0,2,0.00281581935863653,0,0
51137,0,12,0,2,0.0035089437766706337,0,0
51157,0,10,0,2,0.0002471193774379358,0,0
51163,0,12,0,2,0.04898380994776893,0,0
51173,0,10,0,2,0.053299921355078175,0,0
51735,0,1,0,2,0.00292748413246459,0,0
51790,0,2,0,2,0.028953137036349712,0,0
51820,0,1,0,2,0.11140772743823679,0,0
53051,0,9,0,2,0.05492034605787454,0,0
54007,1,18,0,2,0.07889150297024847,0,0
54015,1,16,0,2,0.0018927061117028703,0,0
54019,1,42,0,2,0.12870237581912447,0,0
54043,1,19,0,2,0.09593245334595409,0,0
54055,0,19,0,2,0.4000881914652294,0,0
54075,0,13,0,2,0.023193230153353502,0,0
54091,0,10,0,2,0.1363571108055966,0,0
54101,1,11,0,2,0.05104457548773444,0,0
54109,0,39,0,2,0.0004632314665431514,0,0
55019,0,21,0,2,0.006505509808832714,0,0
55025,0,45,0,2,0.0012257446777768203,0,0
55041,0,11,0,2,0.0014685321847438292,0,0
01023,1,10,0,3,0.02024050526858542,0,0
04001,1,33,0,3,0.29299240798555287,0,1
04003,0,23,0,3,0.47197973098552115,0,1
04012,0,8,0,3,0.12268477530402817,0,1
04015,0,25,0,3,0.4254154641480814,0,1
06013,0,49,0,3,0.16992488306682282,0,0
06029,0,52,0,3,0.809434733077923,1,1
06039,0,18,0,3,0.6340385772270175,1,0
06049,0,13,0,3,0.18864855821770063,0,0
06065,0,75,0,3,0.571579700588298,1,1
06067,0,57,0,3,0.6978990390463204,1,0
06095,0,21,0,3,0.2942187255860467,0,0
08003,1,5,0,3,0.26855021353952524,0,0
08041,0,45,0,3,0.36261750017200034,0,0
08051,0,11,0,3,0.00568893995741874,0,0
08119,0,7,0,3,0.013925723813820658,0,0
12009,0,28,0,3,0.13420927446989356,0,0
12057,0,56,0,3,0.18979586682580496,0,0
12071,0,38,0,3,0.11947233365005534,0,0
12095,0,46,0,3,0.18070030590249087,0,0
12099,0,53,0,3,0.10384197670928938,0,0
12127,0,29,0,3,0.11633552959961344,0,0
13037,1,6,0,3,0.05988721172899066,0,0
13099,1,7,0,3,0.15301958250986486,0,0
13105,0,4,0,3,0.20233867523036606,0,0
13117,0,10,0,3,0.020944627537885008,0,0
13121,0,46,0,3,0.3241124458978498,0,0
13133,1,7,0,3,0.06311217394555385,0,0
13159,0,6,0,3,0.08151518953235755,0,0
13161,0,4,0,3,0.2283846559057118,0,0
13221,0,10,0,3,0.05117675546050153,0,0
13243,1,8,0,3,0.092295895050832,0,0
13249,0,7,0,3,0.02914458397394283,0,0
13255,0,7,0,3,0.6428507151161518,1,0
13269,1,6,0,3,0.029296596048138394,0,0
13289,0,6,0,3,0.24516737872831176,0,0
13311,0,7,0,3,0.05453990673807551,0,0
16029,0,7,0,3,0.010491575560445492,0,0
16071,0,4,0,3,0.016089490678447817,0,0
17031,0,176,0,3,0.417816904186166,0,0
17061,0,13,0,3,0.052440093569156666,0,0
17085,0,15,0,3,0.019528375084872606,0,0
17101,0,7,0,3,0.11719518946247602,0,0
17143,0,27,0,3,0.3097420477906596,0,0
17177,0,19,0,3,0.1350168355523271,0,0
18045,0,10,0,3,0.08157225099360058,0,0
18103,0,13,0,3,0.5503831381856841,1,0
18119,0,14,0,3,0.13905778422908033,0,0
18131,0,13,0,3,0.26990367186516445,0,0
18151,0,9,0,3,0.13813487282235465,0,0
18155,0,9,0,3,0.14836696217567516,0,0
18161,0,6,0,3,0.13763006912457915,0,0
18181,0,18,0,3,0.24136952019157237,0,0
19035,0,15,0,3,0.015082539591854438,0,0
19083,0,12,0,3,0.008228970159255146,0,0
19089,0,9,0,3,0.016200680446352384,0,0
19115,0,13,0,3,0.03235539007760863,0,0
19117,0,9,0,3,0.007348649241568471,0,0
19153,0,41,0,3,0.07654302044388614,0,0
19165,0,19,0,3,0.006709360328670053,0,0
19173,0,11,0,3,0.005865394405862305,0,0
20043,0,10,0,3,0.019945013441123944,0,0
20049,0,10,0,3,0.031405568956798004,0,0
20069,0,7,0,3,0.0050616040254869,0,0
20105,0,10,0,3,0.0038131304556617758,0,0
20115,0,19,0,3,0.02798150268485757,0,0
20117,0,13,0,3,0.0135891488942602,0,0
20171,0,4,0,3,0.010120921022302783,0,0
20187,0,3,0,3,0.006615905799683167,0,0
20209,0,11,0,3,0.7219917619313678,1,0
21017,0,9,0,3,0.24986634538897098,0,0
21045,1,15,0,3,0.07743204128215812,0,0
21065,1,5,0,3,0.21325457768954592,0,0
21087,0,8,0,3,0.10090959642734924,0,0
21123,0,9,0,3,0.06621559532090819,0,0
21147,1,8,0,3,0.06882135697293378,0,0
21157,0,8,0,3,0.04183457226397216,0,0
21165,1,5,0,3,0.06884011840012066,0,0
21213,0,5,0,3,0.20675212381520372,0,0
21223,0,5,0,3,0.17761934844913155,0,0
23003,0,41,0,3,0.048343396863158625,0,0
24009,0,14,0,3,0.037398688306970566,0,0
24015,0,15,0,3,0.24944233142882774,0,1
24025,0,24,0,3,0.1377795283475338,0,0
24033,0,39,0,3,0.15152139126943168,0,0
24045,0,16,0,3,0.40396807192977907,0,1
25003,0,36,0,3,0.05850604176188517,0,0
25007,0,7,0,3,0.0627394431053149,0,0
25009,0,45,0,3,0.192404202087019,0,0
26003,0,13,0,3,0.011483081263565897,0,0
26031,0,15,0,3,0.10736969498934855,0,0
26039,0,4,0,3,0.09225617829577833,0,0
26053,0,7,0,3,0.013341670943412577,0,0
26069,0,12,0,3,0.16602762652933822,0,0
26109,0,14,0,3,0.0682858564909417,0,0
26113,0,9,0,3,0.08397299783760487,0,0
26129,0,9,0,3,0.19414848861702214,0,0
26131,0,12,0,3,0.003368921753797069,0,0
26163,0,68,0,3,0.8657947007173693,1,0
26165,0,13,0,3,0.16580561116506895,0,0
27017,0,15,0,3,0.0022897975526285515,0,0
27033,0,13,0,3,0.016044112190462416,0,0
27035,0,18,0,3,0.006483486831222236,0,0
27053,0,72,0,3,0.10324966172589184,0,0
27065,0,9,0,3,0.0033930436523465215,0,0
27069,0,11,0,3,0.0014614159209116635,0,0
27093,0,13,0,3,0.006797989250147494,0,0
27101,0,16,0,3,0.0073817502008946614,0,0
27103,0,10,0,3,0.01965229922894113,0,0
27133,0,12,0,3,0.016097249665529424,0,0
27147,0,11,0,3,0.027177848009586156,0,0
28017,1,8,0,3,0.05146546454011412,0,0
28021,1,5,0,3,0.006266675794611519,0,0
28105,1,6,0,3,0.046613883338551286,0,0
28117,0,8,0,3,0.08261453093132093,0,0
28143,1,5,0,3,0.3181660265096658,0,0
29101,0,19,0,3,0.1427238032583282,0,0
29129,0,7,0,3,0.008559585660857603,0,0
29179,1,11,0,3,0.01377831168883405,0,0
29227,0,7,0,3,0.005967105298502575,0,0
30011,0,8,0,3,0.0013386983558273638,0,0
30023,0,5,0,3,0.008755310065025631,0,0
30025,0,4,0,3,0.0015461234852101686,0,0
30031,0,10,0,3,0.007281291484596337,0,0
30037,1,3,0,3,0.003915019728380159,0,0
30041,0,10,0,3,0.02163736034141161,0,0
30071,0,8,0,3,0.006101606692805819,0,0
30091,0,11,0,3,0.0025330910811630744,0,0
30095,0,10,0,3,0.002216771889930646,0,0
31005,0,8,0,3,0.0008139748615625177,0,0
31009,0,4,0,3,7.434209090629982e-05,0,0
31015,0,5,0,3,0.0009679328333288184,0,0
31027,0,13,0,3,0.0009100918101019931,0,0
31065,0,9,0,3,0.0014886959066260786,0,0
31101,0,7,0,3,0.0037511798482967014,0,0
31103,0,4,0,3,0.0002471994298610697,0,0
31107,0,11,0,3,0.00135311898428415,0,0
31123,0,7,0,3,0.0021391130252701894,0,0
31149,0,4,0,3,0.0006927822776546706,0,0
31171,0,4,0,3,0.00039567536303531243,0,0
32031,0,27,0,3,0.729623130687157,1,0
32510,0,4,0,3,0.6161828765410057,1,0
33017,0,17,0,3,0.029602744461235692,0,0
34025,0,52,0,3,0.07110943926483726,0,0
35006,1,17,0,3,0.356733070117235,0,0
35028,0,1,0,3,0.013693418760904238,0,0
35057,0,9,0,3,0.2823247656715078,0,0
35059,0,8,0,3,0.029019315191144663,0,0
36005,1,28,0,3,0.9461845795898514,1,0
36017,0,26,0,3,0.006932045207967771,0,0
36019,0,25,0,3,0.045527929609913906,0,0
36029,0,70,0,3,0.3248020540477746,0,0
36049,0,23,0,3,0.005012027227373978,0,0
37029,0,5,0,3,0.005009382337429984,0,0
37073,0,6,0,3,0.006482416963929561,0,0
37081,0,31,0,3,0.06227346063253847,0,0
37087,0,7,0,3,0.006510956502802714,0,0
37095,0,7,0,3,0.01737762400764452,0,0
37103,0,9,0,3,0.05492258489646997,0,0
37137,0,9,0,3,0.026321218967676058,0,0
37197,0,7,0,3,0.04696407772716077,0,0
38001,0,6,0,3,0.0012027056347277535,0,0
38005,1,18,0,3,0.03359164746271779,0,0
38009,0,14,0,3,0.0010086462126399152,0,0
38013,0,9,0,3,0.0009599874022955132,0,0
38021,0,8,0,3,0.0008819383407365475,0,0
38023,0,10,0,3,0.0019104018347372944,0,0
38031,0,8,0,3,0.0010342481579066229,0,0
38039,0,9,0,3,0.001348486380234244,0,0
38043,0,13,0,3,0.0014304562696575585,0,0
38063,0,9,0,3,0.0013372126464845353,0,0
38071,0,12,0,3,0.0067027480332191415,0,0
38079,1,10,0,3,0.15286989480636237,0,0
38083,0,9,0,3,0.0015965913151949126,0,0
38095,0,10,0,3,0.00400283391603355,0,0
39003,0,20,0,3,0.5937064900031166,1,0
39049,0,49,0,3,0.45006832013654485,0,0
39083,0,16,0,3,0.09194331338432127,0,0
39097,0,12,0,3,0.1276048011503012,0,0
39105,0,15,0,3,0.186498139662511,0,0
39161,0,14,0,3,0.3242888930727519,0,0
39163,1,15,0,3,0.04945549388894994,0,0
40007,0,7,0,3,0.032039511535575944,0,0
40031,0,19,0,3,0.7067969767933672,1,1
40093,0,15,0,3,0.07638695054411664,0,0
40103,0,11,0,3,0.09974625948562496,0,0
40129,0,9,0,3,0.06083504477734189,0,0
41007,0,9,0,3,0.052806023163620874,0,0
41021,0,4,0,3,0.03730193212099161,0,0
42007,0,28,0,3,0.13019979588797925,0,0
42017,0,55,0,3,0.1051302760528,0,0
42019,0,37,0,3,0.024601603223394726,0,0
42091,0,69,0,3,0.07458754328224318,0,0
42101,1,46,0,3,0.9378174854089938,1,1
42103,0,19,0,3,0.009173964228059446,0,0
42105,0,15,0,3,0.0047292337812483674,0,0
45003,0,23,0,3,0.19192031868317935,0,0
45063,0,18,0,3,0.10462718596328477,0,0
45065,0,11,0,3,0.024232819911610606,0,0
45079,0,24,0,3,0.17391196558788413,0,0
46005,0,11,0,3,0.00467391558135666,0,0
46007,1,7,0,3,0.08961585890494125,0,0
46011,0,12,0,3,0.016380093299371012,0,0
46017,1,6,0,3,0.028549641786029343,0,0
46021,0,7,0,3,0.0014643019219202707,0,0
46039,0,12,0,3,0.0006064962992413218,0,0
46047,0,7,0,3,0.005592969687246066,0,0
46061,0,7,0,3,0.002592301955201746,0,0
46063,0,10,0,3,0.0006992750093226127,0,0
46081,0,9,0,3,0.08790203011700612,0,0
46095,1,7,0,3,0.06289546105725617,0,0
46111,0,8,0,3,0.0008822657675442861,0,0
46125,0,15,0,3,0.0033359669246870722,0,0
47137,0,6,0,3,0.17383735499257205,0,0
47153,0,8,0,3,0.026536010693296697,0,0
47173,0,11,0,3,0.21648678124058524,0,0
48105,0,6,0,3,0.05259164832700918,0,0
48157,0,34,0,3,0.31385046519178855,0,0
48165,0,5,0,3,0.3405911091275785,0,0
48167,0,18,0,3,0.5948306020797646,1,0
48175,0,6,0,3,0.037383278405755976,0,0
48179,0,7,0,3,0.15191489731272204,0,0
48183,0,10,0,3,0.3616707622888678,0,1
48271,1,1,0,3,0.03705846154578184,0,0
48283,1,4,0,3,0.04112081329953833,0,0
48345,0,6,0,3,0.02929388126668084,0,0
48369,0,5,0,3,0.03212131483924782,0,0
48421,0,4,0,3,0.05321125885746241,0,0
48431,0,2,0,3,0.07999377210098302,0,0
48461,0,4,0,3,0.14857694546397676,0,0
48479,1,10,0,3,0.38172744115820045,0,1
49007,0,6,0,3,0.4215955187787684,0,0
49025,0,7,0,3,0.019208767078445745,0,0
49049,0,24,0,3,0.3265511339435663,0,0
50011,0,17,0,3,0.018240060612586408,0,0
51065,0,10,0,3,0.0025017102485522897,0,0
51067,0,16,0,3,0.03332275408783477,0,0
51091,0,7,0,3,0.0019466714924322897,0,0
51097,0,14,0,3,0.007275876614350565,0,0
51101,0,6,0,3,0.006187881936225676,0,0
51155,0,8,0,3,0.08309947418669571,0,0
51167,0,11,0,3,0.13338314353289774,0,0
51195,1,8,0,3,0.1425064660906011,0,0
51197,0,11,0,3,0.04546713808090468,0,0
53027,0,21,0,3,0.08759956804571833,0,0
53037,0,12,0,3,0.22491023334123916,0,0
53043,0,14,0,3,0.04301326204114337,0,0
53063,0,45,0,3,0.5680934059523867,1,0
53069,0,6,0,3,0.011581964694691506,0,0
54033,0,21,0,3,0.19852064304425981,0,0
54051,0,10,0,3,0.23220822196335097,0,0
54057,0,10,0,3,0.18125565821220174,0,0
54087,1,13,0,3,0.045999907132367644,0,0
54095,0,11,0,3,0.07682033834041278,0,0
55003,0,11,0,3,0.0051135446021389605,0,0
55013,0,11,0,3,0.0032120655330693613,0,0
55037,0,4,0,3,0.0005813783685470696,0,0
55079,0,37,0,3,0.6330386263825778,1,0
55101,0,16,0,3,0.23970367227623032,0,0
55109,0,18,0,3,0.010767534792750019,0,0
55129,0,12,0,3,0.002187760909250154,0,0
56043,0,2,0,3,0.017840415841439118,0,0
01007,0,11,0,4,0.18213887345545093,0,0
01013,1,8,0,4,0.07594151619403841,0,0
01027,0,10,0,4,0.07693752174359177,0,0
01029,0,7,0,4,0.05927560874877431,0,0
01097,0,36,0,4,0.30068704529103896,0,0
01117,0,22,0,4,0.04485223783298087,0,0
04005,0,28,0,4,0.07266541853668614,0,1
04027,0,10,0,4,0.6411954012132142,1,1
05065,0,20,0,4,0.007698779357976575,0,0
06003,0,3,0,4,0.041168082865167814,0,0
06019,1,56,0,4,0.8598112878758006,1,0
06051,0,9,0,4,0.04548173083783241,0,0
06059,0,91,0,4,0.28594583167966275,0,0
06061,0,34,0,4,0.16533609018202294,0,0
06077,0,36,0,4,0.8100880927697092,1,0
06091,0,10,0,4,0.0921218360639518,0,0
06099,0,28,0,4,0.8282826000898749,1,0
06105,0,14,0,4,0.0041703024606668075,0,0
06107,1,41,0,4,0.8963779232158157,1,0
08023,1,7,0,4,0.07196945330847765,0,0
08025,0,6,0,4,0.049582112469480945,0,0
08027,0,4,0,4,0.00889240282617187,0,0
08063,0,6,0,4,0.00817889627055002,0,0
08073,0,9,0,4,0.04115388609517481,0,0
08075,0,9,0,4,0.05437007484657963,0,0
08083,0,7,0,4,0.07647832165695502,0,0
08095,0,3,0,4,0.007541872332124357,0,0
08111,0,2,0,4,0.00668192110247389,0,0
08115,0,5,0,4,0.035395816451191116,0,0
08117,0,4,0,4,0.040034526820353196,0,0
09013,0,17,0,4,0.02909834210526792,0,0
12007,0,9,0,4,0.06214451828797334,0,0
12013,0,8,0,4,0.02910952741339355,0,0
12077,0,2,0,4,0.009855497639171706,0,0
13079,0,7,0,4,0.214527412812752,0,0
13081,1,5,0,4,0.5006954894519686,1,0
13089,0,36,0,4,0.3067180867815085,0,0
13135,0,26,0,4,0.04813710471802552,0,0
13147,0,8,0,4,0.19035858297745104,0,0
13185,0,11,0,4,0.9718322953604039,1,1
13201,0,5,0,4,0.1490792573169337,0,0
13207,0,9,0,4,0.06835549105986181,0,0
13211,0,9,0,4,0.02359232386929353,0,0
13241,0,9,0,4,0.04991743964571476,0,0
13251,1,6,0,4,0.08148779835429568,0,0
13259,1,6,0,4,0.051948676409246046,0,0
13263,1,8,0,4,0.03184057172319578,0,0
13283,1,6,0,4,0.16534332825922035,0,0
16043,0,9,0,4,0.06645353561939342,0,0
16057,0,14,0,4,0.8471765993861418,1,0
16063,0,6,0,4,0.13233620266894427,0,0
16065,1,8,0,4,0.9734611494494689,1,0
17069,0,5,0,4,0.05019174167148746,0,0
17071,0,17,0,4,0.03438053484027245,0,0
17119,0,35,0,4,0.20528601533259216,0,0
17147,0,16,0,4,0.025337770922459067,0,0
17191,0,20,0,4,0.10436548857425572,0,0
18015,0,17,0,4,0.24915955064923687,0,0
18065,0,22,0,4,0.5384726760322939,1,0
18077,0,11,0,4,0.1146446472762119,0,0
18115,0,5,0,4,0.07874290403202064,0,0
18125,0,11,0,4,0.15473375870879819,0,0
19005,0,10,0,4,0.0056280241099545296,0,0
19017,0,12,0,4,0.014256004379848725,0,0
19047,0,19,0,4,0.021231091583922633,0,0
19131,0,12,0,4,0.020068689881377503,0,0
19191,0,12,0,4,0.004185359036295002,0,0
19195,0,10,0,4,0.011795404002972742,0,0
20013,0,13,0,4,0.021643254675646588,0,0
20023,0,5,0,4,0.010760722473005298,0,0
20033,0,3,0,4,0.002323793109294106,0,0
20077,0,10,0,4,0.022461317746738253,0,0
20089,0,14,0,4,0.025989612097644034,0,0
20091,0,34,0,4,0.017664645741229234,0,0
20107,0,11,0,4,0.02822758298183544,0,0
20131,0,15,0,4,0.004351634785833198,0,0
21025,1,10,0,4,0.05788045205838665,0,0
21031,0,10,0,4,0.08649507960213786,0,0
21035,0,10,0,4,0.10012746623059504,0,0
21039,0,4,0,4,0.1896430172633486,0,0
21055,0,5,0,4,0.1145405908686661,0,0
21089,0,11,0,4,0.2224690518128899,0,0
21135,1,9,0,4,0.09658751541876831,0,0
21143,0,4,0,4,0.0636078247906076,0,0
21187,0,9,0,4,0.0837982679570122,0,0
21189,1,6,0,4,0.07012712590353933,0,0
22007,0,9,0,4,0.30701714973699934,0,0
22073,1,14,0,4,0.24231257436894438,0,1
22075,0,9,0,4,0.3781473508015676,0,0
22085,1,12,0,4,0.08146433082920723,0,0
22097,1,18,0,4,0.3152307750453471,0,1
24023,0,12,0,4,0.0090885061068077,0,0
24510,1,31,0,4,0.8800272577882364,1,1
25019,0,2,0,4,0.018084384074180535,0,0
26007,0,8,0,4,0.030297032297866535,0,0
26037,0,17,0,4,0.10939504304035792,0,0
26071,0,8,0,4,0.008412189734529382,0,0
26089,0,11,0,4,0.047747866573009466,0,0
26119,0,5,0,4,0.02237971018672905,0,0
27039,0,10,0,4,0.007396243310523661,0,0
27051,0,11,0,4,0.002971175819702237,0,0
27067,0,16,0,4,0.014281397126892793,0,0
27077,0,4,0,4,7.473478593466306e-06,0,0
27107,0,14,0,4,0.0031971536348611843,0,0
27117,0,9,0,4,0.031981043023226234,0,0
27137,0,51,0,4,0.012242858859827666,0,0
27149,0,8,0,4,0.006182452193229029,0,0
27157,0,13,0,4,0.0020547828701907808,0,0
27173,0,14,0,4,0.00449549733606021,0,0
28049,0,21,0,4,0.2172062544208486,0,0
28063,1,7,0,4,0.019843939880151016,0,0
28125,1,7,0,4,0.00012284098792579375,0,0
28139,0,9,0,4,0.04626510212488083,0,0
29003,0,17,0,4,0.12463241885196515,0,0
29027,0,19,0,4,0.019244835866857747,0,0
29061,0,16,0,4,0.15592319824966838,0,0
29077,0,21,0,4,0.1824164549515299,0,0
29087,0,6,0,4,0.02706777756652844,0,0
29095,0,55,0,4,0.5206218239659518,1,1
29149,1,12,0,4,0.05755122374378567,0,0
29157,0,8,0,4,0.09026794955533597,0,0
29173,0,9,0,4,0.08162741343069177,0,0
29203,1,9,0,4,0.035205789665242,0,0
30009,0,13,0,4,0.00476295566439934,0,0
30019,0,4,0,4,0.0014086945433164175,0,0
30043,0,9,0,4,0.007233784424930885,0,0
30059,0,4,0,4,0.0025458729139100768,0,0
30069,0,4,0,4,0.0025745347451483777,0,0
30075,0,6,0,4,0.006920889171959833,0,0
30079,0,7,0,4,0.007676604506074997,0,0
30107,0,6,0,4,0.014694699672267315,0,0
31037,0,7,0,4,0.006786224667319935,0,0
31063,0,12,0,4,0.001497534864811252,0,0
31073,0,9,0,4,0.0018704431357432752,0,0
31081,0,14,0,4,0.0008354522725214851,0,0
31121,0,9,0,4,0.0067695441988133145,0,0
31129,0,10,0,4,0.002599388741843697,0,0
31151,0,12,0,4,0.004554718044354161,0,0
31159,0,18,0,4,0.0013707512118265306,0,0
31183,0,6,0,4,0.0017509568973689037,0,0
32009,0,4,0,4,0.007942202931535112,0,0
33001,0,15,0,4,0.005430739359246898,0,0
33019,0,19,0,4,0.006305364727677805,0,0
34007,0,35,0,4,0.25739404825045414,0,0
35001,0,27,0,4,0.6584906827204412,1,0
35003,0,9,0,4,0.22003882924618923,0,0
35023,1,5,0,4,0.07283726883206365,0,0
35045,0,22,0,4,0.7777781952135885,1,1
36067,0,55,0,4,0.19941713872905337,0,0
36095,0,24,0,4,0.008079374971133355,0,0
36097,0,18,0,4,0.016385842453634163,0,0
36113,0,25,0,4,0.021636988740690706,0,0
37033,0,16,0,4,0.038605551425988545,0,0
37149,0,7,0,4,0.006630125645144784,0,0
37173,0,5,0,4,0.049852444911507685,0,0
37177,1,3,0,4,0.019705165349519313,0,0
38019,0,16,0,4,0.0017740084457545744,0,0
38051,0,6,0,4,0.0035742617355420787,0,0
38053,0,12,0,4,0.004208878427907292,0,0
38057,0,10,0,4,0.0011625738618247635,0,0
38075,0,9,0,4,0.0009272231110651096,0,0
38105,0,10,0,4,0.002943483973464781,0,0
39033,0,15,0,4,0.14280203094694244,0,0
39047,0,11,0,4,0.2337623650055938,0,0
39061,0,57,0,4,0.43812812478949226,0,1
39067,0,16,0,4,0.11213488912855592,0,0
39069,0,17,0,4,0.10177822990654199,0,0
39149,0,18,0,4,0.26839225149450496,0,0
40027,0,21,0,4,0.468841218362707,0,0
41069,0,5,0,4,0.04150775987348688,0,0
42003,0,114,0,4,0.08286682397883992,0,0
42035,0,15,0,4,0.01160974284848809,0,0
42063,0,49,0,4,0.07272947644851654,0,0
42117,0,25,0,4,0.006420384579473067,0,0
42133,0,45,0,4,0.027093540615333606,0,0
45007,0,19,0,4,0.10609755591080232,0,0
45083,0,34,0,4,0.11212321421839347,0,0
46019,0,8,0,4,0.0024088124748374213,0,0
46041,1,9,0,4,0.025574903602696646,0,0
46043,0,8,0,4,2.3714395565178462e-05,0,0
46045,0,10,0,4,0.001027435155242156,0,0
46049,0,10,0,4,0.0011944028144750623,0,0
46073,0,4,0,4,0.0006862260678738961,0,0
46079,0,14,0,4,0.0017851248053132064,0,0
46087,0,12,0,4,0.0015526562559588504,0,0
46107,0,5,0,4,0.0010932537397617262,0,0
46115,0,15,0,4,0.0010541260931961947,0,0
46123,0,8,0,4,0.004069701917702935,0,0
47029,1,8,0,4,0.25306699217152095,0,0
47041,0,11,0,4,0.382179785362276,0,0
47047,0,15,0,4,0.08109558690202197,0,0
47083,0,8,0,4,0.07263060768328905,0,0
47133,0,11,0,4,0.18656757193465054,0,0
47143,0,6,0,4,0.2018505923395083,0,0
47157,0,38,0,4,0.6863723892291193,1,1
47161,0,8,0,4,0.030358039097203478,0,0
47171,0,6,0,4,0.1402135374215991,0,0
48011,0,6,0,4,0.030356969944574118,0,0
48039,0,20,0,4,0.27701196077592705,0,0
48045,0,4,0,4,0.24202783019580057,0,0
48085,0,38,0,4,0.19275127781950113,0,0
48107,1,9,0,4,0.2489932814742285,0,0
48111,0,3,0,4,0.034515302114326164,0,0
48113,0,93,0,4,0.7446708119526404,1,1
48137,1,4,0,4,0.11054803180901264,0,0
48153,1,6,0,4,0.14167637121149262,0,0
48155,0,3,0,4,0.07234469943464353,0,0
48173,0,4,0,4,0.46109815454373443,0,0
48189,0,9,0,4,0.37904705813073514,0,0
48195,0,3,0,4,0.32554759326393756,0,0
48211,0,4,0,4,0.050464600511165206,0,0
48243,0,2,0,4,0.02198137290860875,0,0
48253,0,10,0,4,0.2276132868686559,0,0
48279,1,13,0,4,0.16737269454151607,0,0
48295,0,7,0,4,0.07634541223500343,0,0
48305,0,7,0,4,0.25680438739873573,0,0
48327,0,4,0,4,0.03203965325973196,0,0
48333,0,8,0,4,0.03980120076968086,0,0
48355,0,26,0,4,0.4074142319423026,0,0
48379,0,6,0,4,0.20361420248501053,0,0
48439,0,74,0,4,0.7238369363892792,1,0
48489,1,6,0,4,0.44845867835281644,0,0
48491,0,25,0,4,0.14863312404496937,0,0
49027,0,11,0,4,0.08020753923373411,0,0
49033,0,4,0,4,0.03429235651790616,0,0
49053,0,21,0,4,0.08768344928836155,0,1
50003,0,21,0,4,0.014746347730327245,0,0
50009,0,10,0,4,0.0036484910959729334,0,0
50027,0,34,0,4,0.0036455919196380277,0,0
51021,0,6,0,4,0.006024708280503406,0,0
51029,0,11,0,4,0.02076457028281508,0,0
51041,0,16,0,4,0.019310100753357942,0,0
51049,0,7,0,4,0.03579420972312832,0,0
51071,0,10,0,4,0.010196921923065818,0,0
51109,0,12,0,4,0.013561230095690359,0,0
51115,0,15,0,4,0.029440761960498826,0,0
51181,0,10,0,4,0.02502855716915719,0,0
51183,0,11,0,4,0.0076300760736712995,0,0
51580,0,1,0,4,0.02574565613183091,0,0
51610,0,4,0,4,0.006337961493876052,0,0
51760,0,15,0,4,0.9449012228876603,1,0
51775,0,1,0,4,0.010897652409244729,0,0
51810,0,12,0,4,0.11406446231667415,0,0
53009,0,9,0,4,0.02707185963571879,0,0
53039,0,15,0,4,0.05259423460655273,0,0
53055,0,9,0,4,0.006412886705897968,0,0
54017,0,10,0,4,0.054875873273857234,0,0
54021,1,16,0,4,0.02024156306559044,0,0
54023,0,12,0,4,0.08796565959470885,0,0
54025,0,21,0,4,0.15679634788460373,0,0
54045,1,33,0,4,0.1896025935833045,0,0
54093,0,10,0,4,0.022481982864498967,0,0
54105,0,8,0,4,0.055104246691856124,0,0
55033,0,22,0,4,0.007594283946468102,0,0
55053,0,14,0,4,0.0052297424196904,0,0
55091,0,6,0,4,0.0015056710956193335,0,0
56005,0,8,0,4,0.0038071466329677663,0,0
56019,0,4,0,4,0.0025979709223003444,0,0
56037,0,12,0,4,0.04522183293945926,0,0
56039,0,9,0,4,0.0005143021713823829,0,0
56041,0,5,0,4,0.02443921124611822,0,0
56045,0,4,0,4,0.011164199920609156,0,0
