threshold,f1,disparity,precision,recall
0.01,0.11216730038022815,0.0,0.059415911379657606,1.0
0.014924623115577889,0.11800000000000002,0.0,0.06269925611052073,1.0
0.01984924623115578,0.12368972746331236,0.0,0.0659217877094972,1.0
0.024773869346733667,0.12854030501089325,0.0,0.06868451688009314,1.0
0.029698492462311557,0.13288288288288289,0.0,0.07117008443908324,1.0
0.03462311557788945,0.13641618497109825,0.0,0.07320099255583126,1.0
0.03954773869346734,0.14165666266506602,0.0,0.07622739018087855,1.0
0.04447236180904523,0.14496314496314497,0.0,0.0781456953642384,1.0
0.04939698492462312,0.1486146095717884,0.0,0.08027210884353742,1.0
0.05432160804020101,0.1530479896238651,0.0,0.08286516853932584,1.0
0.0592462311557789,0.15567282321899736,0.0,0.0844062947067239,1.0
0.06417085427135678,0.15902964959568733,0.0,0.08638360175695461,1.0
0.06909547738693467,0.16142270861833105,0.0,0.08779761904761904,1.0
0.07402010050251256,0.16503496503496504,0.0,0.0899390243902439,1.0
0.07894472361809045,0.16905444126074498,0.0,0.09233176838810642,1.0
0.08386934673366835,0.17251461988304093,0.0,0.0944,1.0
0.08879396984924623,0.17365269461077842,0.022727272727272707,0.09523809523809523,0.9830508474576272
0.09371859296482411,0.17602427921092564,0.022727272727272707,0.09666666666666666,0.9830508474576272
0.09864321608040201,0.17873651771956858,0.022727272727272707,0.09830508474576272,0.9830508474576272
0.1035678391959799,0.1815336463223787,0.022727272727272707,0.1,0.9830508474576272
0.10849246231155779,0.18210862619808305,0.045454545454545414,0.10052910052910052,0.9661016949152542
0.11341708542713567,0.1821138211382114,0.06818181818181823,0.10071942446043165,0.9491525423728814
0.11834170854271357,0.18604651162790695,0.06818181818181823,0.10313075506445672,0.9491525423728814
0.12326633165829146,0.19047619047619047,0.06818181818181823,0.10586011342155009,0.9491525423728814
0.12819095477386935,0.19410745233968807,0.06818181818181823,0.10810810810810811,0.9491525423728814
0.13311557788944725,0.19572953736654805,0.09090909090909094,0.10934393638170974,0.9322033898305084
0.13804020100502515,0.1996370235934664,0.09090909090909094,0.11178861788617886,0.9322033898305084
0.14296482412060302,0.20186915887850468,0.11363636363636365,0.1134453781512605,0.9152542372881356
0.14788944723618092,0.2041587901701323,0.11363636363636365,0.1148936170212766,0.9152542372881356
0.1528140703517588,0.20650095602294455,0.11363636363636365,0.11637931034482758,0.9152542372881356
0.1577386934673367,0.2101167315175097,0.11363636363636365,0.11868131868131868,0.9152542372881356
0.16266331658291458,0.21135029354207438,0.11363636363636365,0.11946902654867257,0.9152542372881356
0.16758793969849248,0.21600000000000003,0.11363636363636365,0.12244897959183673,0.9152542372881356
0.17251256281407037,0.21862348178137653,0.11363636363636365,0.12413793103448276,0.9152542372881356
0.17743718592964824,0.22222222222222227,0.11363636363636365,0.12646370023419204,0.9152542372881356
0.18236180904522614,0.22641509433962267,0.11363636363636365,0.1291866028708134,0.9152542372881356
0.18728643216080404,0.23027718550106613,0.11363636363636365,0.13170731707317074,0.9152542372881356
0.19221105527638194,0.2327586206896552,0.11363636363636365,0.13333333333333333,0.9152542372881356
0.1971356783919598,0.23632385120350108,0.11363636363636365,0.135678391959799,0.9152542372881356
0.2020603015075377,0.2350332594235033,0.13636363636363635,0.13520408163265307,0.8983050847457628
0.2069849246231156,0.23713646532438476,0.13636363636363635,0.13659793814432988,0.8983050847457628
0.21190954773869347,0.2398190045248869,0.13636363636363635,0.13838120104438642,0.8983050847457628
0.21683417085427137,0.24367816091954025,0.13636363636363635,0.14095744680851063,0.8983050847457628
0.22175879396984927,0.24537037037037038,0.13636363636363635,0.14209115281501342,0.8983050847457628
0.22668341708542716,0.2476635514018692,0.13636363636363635,0.14363143631436315,0.8983050847457628
0.23160804020100503,0.25178147268408546,0.13636363636363635,0.1464088397790055,0.8983050847457628
0.23653266331658293,0.2541966426858513,0.13636363636363635,0.14804469273743018,0.8983050847457628
0.24145728643216083,0.2591687041564792,0.13636363636363635,0.15142857142857144,0.8983050847457628
0.2463819095477387,0.26499999999999996,0.13636363636363635,0.15542521994134897,0.8983050847457628
0.2513065326633166,0.2676767676767677,0.13636363636363635,0.1572700296735905,0.8983050847457628
0.2562311557788945,0.2704081632653061,0.13636363636363635,0.15915915915915915,0.8983050847457628
0.2611557788944724,0.2739018087855297,0.13636363636363635,0.16158536585365854,0.8983050847457628
0.2660804020100503,0.2782152230971129,0.13636363636363635,0.16459627329192547,0.8983050847457628
0.2710050251256282,0.272,0.09242424242424241,0.16139240506329114,0.864406779661017
0.275929648241206,0.2749326145552561,0.09242424242424241,0.16346153846153846,0.864406779661017
0.2808542713567839,0.2802197802197802,0.09242424242424241,0.16721311475409836,0.864406779661017
0.2857788944723618,0.2841225626740947,0.09242424242424241,0.17,0.864406779661017
0.2907035175879397,0.28732394366197184,0.09242424242424241,0.17229729729729729,0.864406779661017
0.2956281407035176,0.2931034482758621,0.09242424242424241,0.17647058823529413,0.864406779661017
0.3005527638190955,0.29239766081871343,0.11515151515151512,0.17667844522968199,0.847457627118644
0.3054773869346734,0.2994011976047904,0.11515151515151512,0.18181818181818182,0.847457627118644
0.31040201005025125,0.303951367781155,0.11515151515151512,0.18518518518518517,0.847457627118644
0.31532663316582915,0.3058103975535168,0.11515151515151512,0.1865671641791045,0.847457627118644
0.32025125628140705,0.3072100313479624,0.13787878787878793,0.18846153846153846,0.8305084745762712
0.32517587939698495,0.31309904153354623,0.13787878787878793,0.19291338582677164,0.8305084745762712
0.33010050251256284,0.31818181818181823,0.13787878787878793,0.19678714859437751,0.8305084745762712
0.33502512562814074,0.32131147540983607,0.13787878787878793,0.1991869918699187,0.8305084745762712
0.33994974874371864,0.32996632996633,0.13787878787878793,0.20588235294117646,0.8305084745762712
0.3448743718592965,0.3333333333333333,0.13787878787878793,0.20851063829787234,0.8305084745762712
0.3497989949748744,0.3310344827586207,0.16060606060606064,0.2077922077922078,0.8135593220338984
0.3547236180904523,0.3380281690140845,0.16060606060606064,0.21333333333333335,0.8135593220338984
0.3596482412060302,0.3416370106761566,0.16060606060606064,0.21621621621621623,0.8135593220338984
0.36457286432160807,0.34532374100719426,0.16060606060606064,0.2191780821917808,0.8135593220338984
0.36949748743718597,0.3516483516483516,0.16060606060606064,0.22429906542056074,0.8135593220338984
0.37442211055276386,0.3542435424354244,0.16060606060606064,0.22641509433962265,0.8135593220338984
0.3793467336683417,0.3533834586466166,0.18333333333333335,0.22705314009661837,0.7966101694915254
0.3842713567839196,0.3615384615384615,0.18333333333333335,0.23383084577114427,0.7966101694915254
0.3891959798994975,0.36434108527131787,0.18333333333333335,0.23618090452261306,0.7966101694915254
0.3941206030150754,0.35573122529644263,0.1393939393939394,0.23195876288659795,0.7627118644067796
0.3990452261306533,0.35714285714285715,0.1393939393939394,0.23316062176165803,0.7627118644067796
0.4039698492462312,0.3585657370517928,0.1393939393939394,0.234375,0.7627118644067796
0.4088944723618091,0.36290322580645157,0.1393939393939394,0.23809523809523808,0.7627118644067796
0.41381909547738693,0.3643724696356276,0.1393939393939394,0.2393617021276596,0.7627118644067796
0.41874371859296483,0.36885245901639346,0.1393939393939394,0.24324324324324326,0.7627118644067796
0.42366834170854273,0.36213991769547327,0.1621212121212121,0.2391304347826087,0.7457627118644068
0.4285929648241206,0.3636363636363636,0.1621212121212121,0.24043715846994534,0.7457627118644068
0.4335175879396985,0.37130801687763715,0.1621212121212121,0.24719101123595505,0.7457627118644068
0.4384422110552764,0.37130801687763715,0.1621212121212121,0.24719101123595505,0.7457627118644068
0.4433668341708543,0.36595744680851067,0.18484848484848493,0.24431818181818182,0.7288135593220338
0.44829145728643216,0.354978354978355,0.14090909090909098,0.23837209302325582,0.6949152542372882
0.45321608040201006,0.35964912280701755,0.14090909090909098,0.24260355029585798,0.6949152542372882
0.45814070351758795,0.36283185840707965,0.14090909090909098,0.24550898203592814,0.6949152542372882
0.46306532663316585,0.36771300448430494,0.14090909090909098,0.25,0.6949152542372882
0.46798994974874375,0.37104072398190047,0.14090909090909098,0.25308641975308643,0.6949152542372882
0.47291457286432165,0.37272727272727274,0.14090909090909098,0.2546583850931677,0.6949152542372882
0.47783919597989954,0.37272727272727274,0.14090909090909098,0.2546583850931677,0.6949152542372882
0.4827638190954774,0.3720930232558139,0.07424242424242422,0.2564102564102564,0.6779661016949152
0.4876884422110553,0.37735849056603776,0.07424242424242422,0.26143790849673204,0.6779661016949152
0.4926130653266332,0.3846153846153846,0.07424242424242422,0.2684563758389262,0.6779661016949152
0.4975376884422111,0.39215686274509803,0.07424242424242422,0.27586206896551724,0.6779661016949152
0.502462311557789,0.3980099502487562,0.07424242424242422,0.28169014084507044,0.6779661016949152
0.5073869346733668,0.4060913705583757,0.07424242424242422,0.2898550724637681,0.6779661016949152
0.5123115577889448,0.41237113402061853,0.07424242424242422,0.2962962962962963,0.6779661016949152
0.5172361809045226,0.41450777202072536,0.07424242424242422,0.29850746268656714,0.6779661016949152
0.5221608040201006,0.41450777202072536,0.07424242424242422,0.29850746268656714,0.6779661016949152
0.5270854271356784,0.41450777202072536,0.07424242424242422,0.29850746268656714,0.6779661016949152
0.5320100502512564,0.40625,0.09696969696969693,0.2932330827067669,0.6610169491525424
0.5369346733668342,0.4126984126984127,0.09696969696969693,0.3,0.6610169491525424
0.541859296482412,0.4126984126984127,0.09696969696969693,0.3,0.6610169491525424
0.54678391959799,0.4126984126984127,0.09696969696969693,0.3,0.6610169491525424
0.5517085427135678,0.41304347826086957,0.030303030303030276,0.304,0.6440677966101694
0.5566331658291458,0.41530054644808745,0.030303030303030276,0.3064516129032258,0.6440677966101694
0.5615577889447236,0.4175824175824176,0.030303030303030276,0.3089430894308943,0.6440677966101694
0.5664824120603016,0.4222222222222222,0.030303030303030276,0.3140495867768595,0.6440677966101694
0.5714070351758794,0.40677966101694923,0.013636363636363669,0.3050847457627119,0.6101694915254238
0.5763316582914573,0.4090909090909091,0.013636363636363669,0.3076923076923077,0.6101694915254238
0.5812562814070352,0.40462427745664736,0.009090909090909038,0.30701754385964913,0.5932203389830508
0.5861809045226131,0.40462427745664736,0.009090909090909038,0.30701754385964913,0.5932203389830508
0.591105527638191,0.40935672514619886,0.009090909090909038,0.3125,0.5932203389830508
0.5960301507537689,0.40935672514619886,0.009090909090909038,0.3125,0.5932203389830508
0.6009547738693468,0.4096385542168674,0.031818181818181746,0.3177570093457944,0.576271186440678
0.6058793969849247,0.38271604938271603,0.010606060606060619,0.30097087378640774,0.5254237288135594
0.6108040201005025,0.389937106918239,0.010606060606060619,0.31,0.5254237288135594
0.6157286432160805,0.3924050632911392,0.010606060606060619,0.31313131313131315,0.5254237288135594
0.6206532663316583,0.39490445859872614,0.010606060606060619,0.3163265306122449,0.5254237288135594
0.6255778894472362,0.3846153846153846,0.033333333333333326,0.30927835051546393,0.5084745762711864
0.6305025125628141,0.37662337662337664,0.05606060606060603,0.30526315789473685,0.4915254237288136
0.635427135678392,0.37662337662337664,0.05606060606060603,0.30526315789473685,0.4915254237288136
0.6403517587939699,0.3790849673202614,0.05606060606060603,0.30851063829787234,0.4915254237288136
0.6452763819095477,0.3815789473684211,0.05606060606060603,0.3118279569892473,0.4915254237288136
0.6502010050251257,0.37086092715231783,0.0787878787878788,0.30434782608695654,0.4745762711864407
0.6551256281407035,0.3783783783783784,0.0787878787878788,0.3146067415730337,0.4745762711864407
0.6600502512562815,0.3783783783783784,0.0787878787878788,0.3146067415730337,0.4745762711864407
0.6649748743718593,0.38095238095238093,0.0787878787878788,0.3181818181818182,0.4745762711864407
0.6698994974874373,0.3698630136986301,0.1015151515151515,0.3103448275862069,0.4576271186440678
0.6748241206030151,0.3724137931034483,0.1015151515151515,0.313953488372093,0.4576271186440678
0.679748743718593,0.3724137931034483,0.1015151515151515,0.313953488372093,0.4576271186440678
0.6846733668341709,0.375,0.1015151515151515,0.3176470588235294,0.4576271186440678
0.6895979899497487,0.375,0.1015151515151515,0.3176470588235294,0.4576271186440678
0.6945226130653267,0.3714285714285714,0.12424242424242421,0.32098765432098764,0.4406779661016949
0.6994472361809045,0.36231884057971014,0.14696969696969697,0.31645569620253167,0.423728813559322
0.7043718592964825,0.36231884057971014,0.14696969696969697,0.31645569620253167,0.423728813559322
0.7092964824120603,0.36231884057971014,0.14696969696969697,0.31645569620253167,0.423728813559322
0.7142211055276382,0.3649635036496351,0.14696969696969697,0.32051282051282054,0.423728813559322
0.7191457286432161,0.37037037037037035,0.14696969696969697,0.32894736842105265,0.423728813559322
0.724070351758794,0.37593984962406013,0.14696969696969697,0.33783783783783783,0.423728813559322
0.7289949748743719,0.38167938931297707,0.14696969696969697,0.3472222222222222,0.423728813559322
0.7339195979899498,0.38167938931297707,0.14696969696969697,0.3472222222222222,0.423728813559322
0.7388442211055277,0.372093023255814,0.16969696969696968,0.34285714285714286,0.4067796610169492
0.7437688442211056,0.372093023255814,0.16969696969696968,0.34285714285714286,0.4067796610169492
0.7486934673366834,0.372093023255814,0.16969696969696968,0.34285714285714286,0.4067796610169492
0.7536180904522614,0.380952380952381,0.16969696969696968,0.3582089552238806,0.4067796610169492
0.7585427135678392,0.36800000000000005,0.19242424242424244,0.3484848484848485,0.3898305084745763
0.7634673366834172,0.3577235772357723,0.21515151515151515,0.34375,0.3728813559322034
0.768391959798995,0.36065573770491804,0.21515151515151515,0.3492063492063492,0.3728813559322034
0.773316582914573,0.36363636363636365,0.21515151515151515,0.3548387096774194,0.3728813559322034
0.7782412060301508,0.36363636363636365,0.21515151515151515,0.3548387096774194,0.3728813559322034
0.7831658291457286,0.36363636363636365,0.21515151515151515,0.3548387096774194,0.3728813559322034
0.7880904522613066,0.3666666666666667,0.21515151515151515,0.36065573770491804,0.3728813559322034
0.7930150753768844,0.37931034482758624,0.21515151515151515,0.38596491228070173,0.3728813559322034
0.7979396984924624,0.37931034482758624,0.21515151515151515,0.38596491228070173,0.3728813559322034
0.8028643216080402,0.38596491228070173,0.21515151515151515,0.4,0.3728813559322034
0.8077889447236182,0.3893805309734514,0.21515151515151515,0.4074074074074074,0.3728813559322034
0.812713567839196,0.3783783783783784,0.23787878787878786,0.40384615384615385,0.3559322033898305
0.8176381909547739,0.3783783783783784,0.23787878787878786,0.40384615384615385,0.3559322033898305
0.8225628140703518,0.36363636363636365,0.2606060606060606,0.39215686274509803,0.3389830508474576
0.8274874371859297,0.3669724770642202,0.2606060606060606,0.4,0.3389830508474576
0.8324120603015076,0.3428571428571429,0.21666666666666667,0.391304347826087,0.3050847457627119
0.8373366834170854,0.3461538461538462,0.21666666666666667,0.4,0.3050847457627119
0.8422613065326634,0.3300970873786408,0.2393939393939394,0.38636363636363635,0.288135593220339
0.8471859296482412,0.31683168316831684,0.2621212121212121,0.38095238095238093,0.2711864406779661
0.8521105527638191,0.33333333333333337,0.2621212121212121,0.43243243243243246,0.2711864406779661
0.857035175879397,0.3225806451612903,0.19545454545454546,0.4411764705882353,0.2542372881355932
0.8619597989949749,0.3260869565217391,0.19545454545454546,0.45454545454545453,0.2542372881355932
0.8668844221105528,0.3260869565217391,0.19545454545454546,0.45454545454545453,0.2542372881355932
0.8718090452261307,0.32967032967032966,0.19545454545454546,0.46875,0.2542372881355932
0.8767336683417086,0.3146067415730337,0.2181818181818182,0.4666666666666667,0.23728813559322035
0.8816582914572865,0.3218390804597701,0.2181818181818182,0.5,0.23728813559322035
0.8865829145728643,0.3255813953488372,0.2181818181818182,0.5185185185185185,0.23728813559322035
0.8915075376884423,0.271604938271605,0.2863636363636364,0.5,0.1864406779661017
0.8964321608040201,0.271604938271605,0.2863636363636364,0.5,0.1864406779661017
0.9013567839195981,0.271604938271605,0.2863636363636364,0.5,0.1864406779661017
0.9062814070351759,0.271604938271605,0.2863636363636364,0.5,0.1864406779661017
0.9112060301507539,0.2077922077922078,0.26515151515151514,0.4444444444444444,0.13559322033898305
0.9161306532663317,0.2077922077922078,0.26515151515151514,0.4444444444444444,0.13559322033898305
0.9210552763819095,0.2077922077922078,0.26515151515151514,0.4444444444444444,0.13559322033898305
0.9259798994974875,0.18666666666666668,0.28787878787878785,0.4375,0.11864406779661017
0.9309045226130653,0.18666666666666668,0.28787878787878785,0.4375,0.11864406779661017
0.9358291457286433,0.18918918918918917,0.28787878787878785,0.4666666666666667,0.11864406779661017
0.9407537688442211,0.19718309859154928,0.28787878787878785,0.5833333333333334,0.11864406779661017
0.9456783919597991,0.19718309859154928,0.28787878787878785,0.5833333333333334,0.11864406779661017
0.9506030150753769,0.19718309859154928,0.28787878787878785,0.5833333333333334,0.11864406779661017
0.9555276381909548,0.1176470588235294,0.17727272727272728,0.4444444444444444,0.06779661016949153
0.9604522613065327,0.09090909090909091,0.1106060606060606,0.42857142857142855,0.05084745762711865
0.9653768844221106,0.09230769230769231,0.1106060606060606,0.5,0.05084745762711865
0.9703015075376885,0.09230769230769231,0.1106060606060606,0.5,0.05084745762711865
0.9752261306532664,0.09230769230769231,0.1106060606060606,0.5,0.05084745762711865
0.9801507537688443,0.09375000000000001,0.1106060606060606,0.6,0.05084745762711865
0.9850753768844221,0.06451612903225806,0.04393939393939394,0.6666666666666666,0.03389830508474576
0.99,0.0,0.0,0.0,0.0
