county_fips,poverty_quartile,n_zctas_in_county,suppression_flag,fold,prob_high_risk,pred_high_risk,true_label
01007,3,11,0.0,0,0.48168638829997545,0,0.0
01049,4,24,0.0,0,0.7146344451344162,1,0.0
04007,4,13,0.0,0,0.33808882140832097,0,1.0
04019,1,48,0.0,0,0.8582301625138784,1,1.0
05065,1,20,0.0,0,0.16476870314699843,0,0.0
05137,4,16,0.0,0,0.2014134296816864,0,0.0
05143,3,20,0.0,0,0.5249342487542125,1,0.0
06051,1,9,0.0,0,0.1547406887156787,0,0.0
06061,1,34,0.0,0,0.5096727830037612,1,0.0
06081,1,30,0.0,0,0.3502801563994373,0,0.0
06091,2,10,0.0,0,0.1314254726521344,0,0.0
06105,4,14,0.0,0,0.0319673773640617,0,0.0
08011,4,6,0.0,0,0.3369291586053663,0,0.0
08025,4,6,0.0,0,0.14247377565613653,0,0.0
08033,1,5,0.0,0,0.11873805823093159,0,0.0
08047,1,4,0.0,0,0.11451210916185708,0,0.0
08057,1,2,0.0,0,0.036084703930372775,0,0.0
08063,2,6,0.0,0,0.12855506746069764,0,0.0
08095,2,3,0.0,0,0.22107199870849775,0,0.0
10003,1,28,0.0,0,0.6586617853206314,1,0.0
11001,1,29,0.0,0,0.7571869268679776,1,1.0
12027,4,4,0.0,0,0.1835146136553961,0,0.0
12029,4,6,0.0,0,0.3030294622926896,0,0.0
12031,1,36,0.0,0,0.4923460999297892,0,0.0
12047,4,3,0.0,0,0.34355028367242824,0,0.0
12069,2,28,0.0,0,0.47519084056722805,0,0.0
12081,2,21,0.0,0,0.6248265763443344,1,0.0
12115,1,28,0.0,0,0.4264183555083068,0,0.0
13011,3,11,0.0,0,0.6731491846614547,1,0.0
13037,4,6,0.0,0,0.21139559121502732,0,0.0
13079,3,7,0.0,0,0.42942944104468256,0,0.0
13099,4,7,0.0,0,0.37723478674912325,0,0.0
13105,4,4,0.0,0,0.5835713285053666,1,0.0
13131,4,6,0.0,0,0.4085176207181253,0,0.0
13207,2,9,0.0,0,0.21545867698974736,0,0.0
13243,4,8,0.0,0,0.24285862619067575,0,0.0
13259,4,6,0.0,0,0.14922376728586584,0,0.0
13263,4,8,0.0,0,0.1459519045255232,0,0.0
13265,4,4,0.0,0,0.11303328566612762,0,0.0
16021,3,4,0.0,0,0.0858259481545902,0,0.0
16029,2,7,0.0,0,0.13716851726374285,0,0.0
16057,1,14,0.0,0,0.6960378990247097,1,0.0
16061,2,7,0.0,0,0.11625647888898259,0,0.0
16063,3,6,0.0,0,0.3682709926528366,0,0.0
16067,3,5,0.0,0,0.6521914619304067,1,0.0
17009,2,5,0.0,0,0.17046190799537533,0,0.0
17047,2,6,0.0,0,0.24369795873205646,0,0.0
17065,2,13,0.0,0,0.2346723007421022,0,0.0
17071,2,17,0.0,0,0.22921889762838593,0,0.0
17089,1,33,0.0,0,0.660107410328662,1,0.0
17147,1,16,0.0,0,0.26410369019734226,0,0.0
17153,4,10,0.0,0,0.37598311990187067,0,0.0
17163,2,34,0.0,0,0.5676222730031669,1,1.0
18025,3,9,0.0,0,0.16850024884817227,0,0.0
18033,1,14,0.0,0,0.5246466650907122,1,0.0
18041,4,8,0.0,0,0.659794723165599,1,0.0
18103,3,13,0.0,0,0.795505505422581,1,0.0
18135,3,14,0.0,0,0.6073602189288748,1,0.0
19017,1,12,0.0,0,0.2342236185685533,0,0.0
19019,1,16,0.0,0,0.2538986498192358,0,0.0
19059,1,10,0.0,0,0.23694467207484998,0,0.0
19065,2,24,0.0,0,0.24260179550563538,0,0.0
19081,2,13,0.0,0,0.2331355400623242,0,0.0
19089,2,9,0.0,0,0.2389199585677932,0,0.0
19173,2,11,0.0,0,0.18542496270885278,0,0.0
19175,2,10,0.0,0,0.19886464381096908,0,0.0
19177,2,13,0.0,0,0.06234724066510891,0,0.0
19185,3,12,0.0,0,0.19983803397391228,0,0.0
20007,3,11,0.0,0,0.22190753231810129,0,0.0
20013,2,13,0.0,0,0.1792552420529101,0,0.0
20071,1,2,0.0,0,0.2416591664883596,0,0.0
20075,2,4,0.0,0,0.2335485196879907,0,0.0
20107,3,11,0.0,0,0.19975389800432064,0,0.0
20123,2,7,0.0,0,0.2229056795904326,0,0.0
20131,1,15,0.0,0,0.2175003804805495,0,0.0
20141,2,12,0.0,0,0.22948408074666152,0,0.0
20143,2,11,0.0,0,0.21281110506682133,0,0.0
20173,2,50,0.0,0,0.6810444765552761,1,1.0
20209,4,11,0.0,0,0.8774818111650686,1,0.0
21007,1,6,0.0,0,0.680882727114866,1,0.0
21017,3,9,0.0,0,0.5975924687040018,1,0.0
21055,4,5,0.0,0,0.2147328071641424,0,0.0
21087,4,8,0.0,0,0.29154362594797073,0,0.0
21157,2,8,0.0,0,0.19916873102662852,0,0.0
21177,3,17,0.0,0,0.4446665518079942,0,0.0
21187,3,9,0.0,0,0.2638552611237868,0,0.0
21193,1,21,0.0,0,0.23753961528366443,0,0.0
21215,1,8,0.0,0,0.2630753582227479,0,0.0
21219,3,9,0.0,0,0.2939944589142769,0,0.0
22007,4,9,0.0,0,0.7392888483455945,1,0.0
24005,1,54,0.0,0,0.5507142103174127,1,1.0
24045,3,16,0.0,0,0.7470479423261231,1,1.0
25003,2,36,0.0,0,0.2545601875996505,0,0.0
25017,1,83,0.0,0,0.3499751659204729,0,0.0
26051,4,7,0.0,0,0.5232410035669036,1,0.0
26069,3,12,0.0,0,0.4025104656285809,0,0.0
26083,3,6,0.0,0,0.1215059792687313,0,0.0
26097,3,15,0.0,0,0.33356641843710166,0,0.0
26133,4,9,0.0,0,0.42207705022676617,0,0.0
26135,3,8,0.0,0,0.2563752646199121,0,0.0
26165,3,13,0.0,0,0.39276340880192656,0,0.0
27017,2,15,0.0,0,0.13503751304098835,0,0.0
27029,3,11,0.0,0,0.18943985924117382,0,0.0
27059,1,12,0.0,0,0.2134257552675557,0,0.0
27101,1,16,0.0,0,0.2367511158323418,0,0.0
27133,1,12,0.0,0,0.25212926366198485,0,0.0
27137,1,51,0.0,0,0.06552294308978598,0,0.0
27147,1,11,0.0,0,0.24347295795659646,0,0.0
27167,1,12,0.0,0,0.21273857365700233,0,0.0
27173,2,14,0.0,0,0.22047034847965807,0,0.0
28009,3,11,0.0,0,0.16711811868734228,0,0.0
28111,4,8,0.0,0,0.15194782515571337,0,0.0
28129,4,15,0.0,0,0.1908296381777146,0,0.0
28149,4,3,0.0,0,0.2770771702192413,0,0.0
28155,4,10,0.0,0,0.1472725145545271,0,0.0
28157,4,4,0.0,0,0.10548919428432288,0,0.0
29007,3,14,0.0,0,0.44254891787894235,0,0.0
29053,2,14,0.0,0,0.188419485603603,0,0.0
29095,2,55,0.0,0,0.8006886739689335,1,1.0
29111,3,12,0.0,0,0.20312574689294477,0,0.0
29141,4,15,0.0,0,0.3612206027901454,0,0.0
29167,3,18,0.0,0,0.7311110083455774,1,0.0
30037,3,3,0.0,0,0.112595315351218,0,0.0
30039,2,5,0.0,0,0.06755646419892036,0,0.0
30043,2,9,0.0,0,0.08087675156403965,0,0.0
30045,2,12,0.0,0,0.11599817409420894,0,0.0
30051,4,5,0.0,0,0.19492708216789242,0,0.0
30063,2,16,0.0,0,0.1175107742186136,0,0.0
30089,4,11,0.0,0,0.07771065373918037,0,0.0
30101,2,8,0.0,0,0.11363205920683897,0,0.0
30107,2,6,0.0,0,0.15090824173982292,0,0.0
31009,2,4,0.0,0,0.13761096069499418,0,0.0
31017,3,4,0.0,0,0.23143001445036357,0,0.0
31031,3,18,0.0,0,0.21424801399239582,0,0.0
31035,2,15,0.0,0,0.13394175569383432,0,0.0
31065,3,9,0.0,0,0.23869983761752717,0,0.0
31069,1,9,0.0,0,0.14863915345576623,0,0.0
31073,2,9,0.0,0,0.23739423194385578,0,0.0
31085,2,8,0.0,0,0.22316755275318456,0,0.0
31091,1,1,0.0,0,0.15104670540362314,0,0.0
31105,3,5,0.0,0,0.21478672411218383,0,0.0
31117,2,5,0.0,0,0.22836018188796128,0,0.0
31121,3,9,0.0,0,0.23938350626353924,0,0.0
31125,2,8,0.0,0,0.22756994306336928,0,0.0
31137,2,10,0.0,0,0.22875474043708563,0,0.0
31139,1,9,0.0,0,0.23232139892119616,0,0.0
31143,1,10,0.0,0,0.23591896321501352,0,0.0
31167,2,10,0.0,0,0.23491469433655277,0,0.0
32510,2,4,0.0,0,0.8489198778712987,1,0.0
33019,2,19,0.0,0,0.13600285917174035,0,0.0
34001,1,30,0.0,0,0.6327072306865675,1,0.0
34017,3,16,0.0,0,0.9334022932309972,1,0.0
36047,3,39,0.0,0,0.9437442534936702,1,0.0
36069,1,25,0.0,0,0.24061864426141516,0,0.0
36087,2,25,0.0,0,0.5826768772742177,1,0.0
36123,2,13,0.0,0,0.2616294464151327,0,0.0
37029,2,5,0.0,0,0.11054022200375357,0,0.0
37033,3,16,0.0,0,0.2605720418455505,0,0.0
37123,3,8,0.0,0,0.20452217324079747,0,0.0
37149,2,7,0.0,0,0.1912923636007479,0,0.0
37155,4,13,0.0,0,0.7130840018211965,1,1.0
38003,1,19,0.0,0,0.21426143307464007,0,0.0
38005,3,18,0.0,0,0.25510686912459135,0,0.0
38007,2,8,0.0,0,0.2342659603438905,0,0.0
38017,1,29,0.0,0,0.26410091697956495,0,0.0
38043,2,13,0.0,0,0.230235555751678,0,0.0
38045,2,12,0.0,0,0.23597668370502867,0,0.0
38051,2,6,0.0,0,0.2469693058205061,0,0.0
38055,1,18,0.0,0,0.2088903038694912,0,0.0
38063,1,9,0.0,0,0.23433556607965778,0,0.0
38071,1,12,0.0,0,0.11083485965552577,0,0.0
38075,1,9,0.0,0,0.21906939118891006,0,0.0
38089,1,10,0.0,0,0.23719882865726755,0,0.0
38093,1,21,0.0,0,0.2622542658882591,0,0.0
38105,1,10,0.0,0,0.24220915976921076,0,0.0
39035,1,52,0.0,0,0.8556361198718341,1,0.0
39047,3,11,0.0,0,0.5474982898540115,1,0.0
39057,2,24,0.0,0,0.6689504470855328,1,0.0
39095,3,30,0.0,0,0.8824894026981216,1,0.0
39113,2,40,0.0,0,0.8718816441240077,1,0.0
39175,2,13,0.0,0,0.4609208379933801,0,0.0
40027,2,21,0.0,0,0.7955806329057586,1,0.0
40029,4,10,0.0,0,0.4588326649882418,0,0.0
40033,3,11,0.0,0,0.4430792381328757,0,0.0
40087,1,12,0.0,0,0.684281319086641,1,0.0
41063,2,5,0.0,0,0.08055690109559381,0,0.0
41069,4,5,0.0,0,0.11891188495626416,0,0.0
42019,1,37,0.0,0,0.2286292185557497,0,0.0
42057,2,17,0.0,0,0.09716452433006632,0,0.0
42101,4,46,0.0,0,0.9201028850089836,1,1.0
42103,1,19,0.0,0,0.162589289525161,0,0.0
42113,3,13,0.0,0,0.12262314992165262,0,0.0
45063,2,18,0.0,0,0.402997392927745,0,0.0
45065,1,11,0.0,0,0.02895360344353484,0,0.0
45071,3,11,0.0,0,0.25280011332233515,0,0.0
46015,2,6,0.0,0,0.2264354995378678,0,0.0
46053,3,8,0.0,0,0.2360644250993844,0,0.0
46055,3,5,0.0,0,0.17087655598263712,0,0.0
46073,1,4,0.0,0,0.23393427282760937,0,0.0
46075,1,5,0.0,0,0.17053077246080833,0,0.0
46087,2,12,0.0,0,0.24576374973129764,0,0.0
46105,2,9,0.0,0,0.1973518376989417,0,0.0
46123,4,8,0.0,0,0.2369798990325595,0,0.0
46127,1,9,0.0,0,0.24007169146086121,0,0.0
47007,3,9,0.0,0,0.3728380250307983,0,0.0
47015,2,9,0.0,0,0.4381940907469522,0,0.0
47029,4,8,0.0,0,0.5437288885928133,1,0.0
47037,2,35,0.0,0,0.8103973886758196,1,1.0
47039,4,9,0.0,0,0.3604687641534471,0,0.0
47105,2,9,0.0,0,0.6636041094510207,1,0.0
47115,3,12,0.0,0,0.33584098246856536,0,0.0
47153,2,8,0.0,0,0.1821850276792042,0,0.0
47161,2,8,0.0,0,0.09296348545048626,0,0.0
48045,4,4,0.0,0,0.3608962362212167,0,0.0
48065,1,6,0.0,0,0.2876371847632587,0,0.0
48113,3,93,0.0,0,0.894527284099541,1,1.0
48129,3,6,0.0,0,0.2674214762422335,0,0.0
48163,4,5,0.0,0,0.491910982688398,0,0.0
48167,2,18,0.0,0,0.8592623052305218,1,1.0
48183,3,10,0.0,0,0.7348071520503245,1,1.0
48187,2,14,0.0,0,0.6801988630843616,1,1.0
48201,3,141,0.0,0,0.8836278023557397,1,0.0
48229,3,6,0.0,0,0.7213892527434362,1,0.0
48243,2,2,0.0,0,0.22835665226811847,0,0.0
48245,3,18,0.0,0,0.8762746548809836,1,0.0
48263,3,4,0.0,0,0.4402565010111778,0,0.0
48271,4,1,0.0,0,0.23279454695933943,0,0.0
48333,2,8,0.0,0,0.1958498316836197,0,0.0
48383,2,2,0.0,0,0.5556373041429422,1,0.0
48421,3,4,0.0,0,0.3239182366118325,0,0.0
48431,2,2,0.0,0,0.34887412937552953,0,0.0
48439,1,74,0.0,0,0.8661980006152195,1,0.0
48489,4,6,0.0,0,0.7429411073109969,1,0.0
48491,1,25,0.0,0,0.5451675563878816,1,0.0
49007,3,6,0.0,0,0.6910039975923044,1,0.0
49023,2,6,0.0,0,0.28934134134247436,0,0.0
49027,3,11,0.0,0,0.3564477019390235,0,0.0
49029,1,2,0.0,0,0.11452593998077273,0,0.0
51059,1,48,0.0,0,0.2597036303536898,0,0.0
51097,2,14,0.0,0,0.10201863212775925,0,0.0
51173,3,10,0.0,0,0.23851581452347598,0,0.0
51600,1,3,0.0,0,0.2547931497523789,0,0.0
51610,1,4,0.0,0,0.24671970643022287,0,0.0
51640,4,1,0.0,0,0.4914320557091065,0,0.0
51685,1,1,0.0,0,0.24163027832058526,0,0.0
53001,4,11,0.0,0,0.7539056171458476,1,0.0
53009,2,9,0.0,0,0.15404953823810302,0,0.0
53027,1,21,0.0,0,0.19326752604111697,0,0.0
53037,3,12,0.0,0,0.4387822639823429,0,0.0
54001,4,12,0.0,0,0.360994588590196,0,0.0
54007,4,18,0.0,0,0.2219306810565657,0,0.0
54031,3,10,0.0,0,0.3678689723831383,0,0.0
54033,3,21,0.0,0,0.5571575072163011,1,0.0
54051,3,10,0.0,0,0.5432013547725523,1,0.0
54071,3,9,0.0,0,0.11465037729023518,0,0.0
54073,3,5,0.0,0,0.25868991455828244,0,0.0
54087,4,13,0.0,0,0.1724560699152538,0,0.0
54091,3,10,0.0,0,0.3912152557417257,0,0.0
55013,3,11,0.0,0,0.1907725060174845,0,0.0
55051,3,12,0.0,0,0.12290351559109025,0,0.0
55129,2,12,0.0,0,0.18364713766404836,0,0.0
56015,2,9,0.0,0,0.22009574692716535,0,0.0
56027,3,5,0.0,0,0.17085796941901538,0,0.0
01061,4,14,0.0,1,0.3041133510521134,0,0.0
01081,1,14,0.0,1,0.7326759370513206,1,1.0
01097,1,36,0.0,1,0.6557914838643893,1,0.0
04013,1,136,0.0,1,0.8799283698960249,1,1.0
04021,2,34,0.0,1,0.69874605140202,1,1.0
05013,4,6,0.0,1,0.2352562816095814,0,0.0
06013,1,49,0.0,1,0.5458799748675199,1,0.0
06019,4,56,0.0,1,0.9333190535442726,1,0.0
06039,4,18,0.0,1,0.8315111017141747,1,0.0
06047,4,24,0.0,1,0.8880007193661058,1,1.0
06073,1,108,0.0,1,0.7465227339995788,1,0.0
06077,1,36,0.0,1,0.8195390900398506,1,0.0
06089,3,30,0.0,1,0.741146747286127,1,1.0
08015,2,5,0.0,1,0.08909659740087202,0,0.0
08017,2,4,0.0,1,0.09552227570954402,0,0.0
08051,2,11,0.0,1,0.03356287931133425,0,0.0
08103,2,4,0.0,1,0.08432855793339919,0,0.0
08105,4,4,0.0,1,0.33556385804563726,0,0.0
08115,4,5,0.0,1,0.15931939371817394,0,0.0
08117,1,4,0.0,1,0.2202689913907354,0,0.0
08119,1,7,0.0,1,0.04903682816741992,0,0.0
08125,3,13,0.0,1,0.0888908958589046,0,0.0
09013,1,17,0.0,1,0.247830753976144,0,0.0
12009,2,28,0.0,1,0.5501023602309466,1,0.0
12013,3,8,0.0,1,0.06897491677295634,0,0.0
12086,3,79,0.0,1,0.9154974125642098,1,0.0
12095,3,46,0.0,1,0.6918411470583027,1,0.0
12099,2,53,0.0,1,0.614422632894574,1,0.0
12105,3,41,0.0,1,0.6293366836314161,1,0.0
12123,1,6,0.0,1,0.15741094715730394,0,0.0
13051,3,14,0.0,1,0.6082969535896877,1,1.0
13089,1,36,0.0,1,0.7551487001119463,1,0.0
13121,1,46,0.0,1,0.7135467225486583,1,0.0
13143,3,7,0.0,1,0.5161309514196253,1,0.0
13161,4,4,0.0,1,0.4848773651695328,0,0.0
13173,4,5,0.0,1,0.19860069017091664,0,0.0
13187,3,4,0.0,1,0.25527989631633463,0,0.0
13205,4,7,0.0,1,0.4982936202104321,0,0.0
13229,4,7,0.0,1,0.5311173838424442,1,0.0
13231,2,8,0.0,1,0.36050280013017993,0,0.0
13239,4,2,0.0,1,0.18786349970075447,0,0.0
13249,3,7,0.0,1,0.11166511628551108,0,0.0
13289,4,6,0.0,1,0.4885228415733145,0,0.0
13321,4,12,0.0,1,0.43626711383080663,0,0.0
16005,3,10,0.0,1,0.4880383534761512,0,0.0
16009,3,9,0.0,1,0.0004003573677179718,0,0.0
16033,4,3,0.0,1,0.17021095535859856,0,0.0
16051,1,10,0.0,1,0.18576679691019518,0,0.0
16053,4,5,0.0,1,0.4380707777512793,0,0.0
16085,1,4,0.0,1,0.01775086616618151,0,0.0
17015,1,11,0.0,1,0.15795334454573368,0,0.0
17051,3,20,0.0,1,0.2948880160705855,0,0.0
17077,4,22,0.0,1,0.5710101508841985,1,0.0
17079,2,15,0.0,1,0.15675923687947438,0,0.0
17135,3,28,0.0,1,0.3065159948720102,0,0.0
17139,2,11,0.0,1,0.3454021628484128,0,0.0
17151,3,10,0.0,1,0.03892416935057544,0,0.0
17177,3,19,0.0,1,0.38659906485974627,0,0.0
17185,2,7,0.0,1,0.28725449976433975,0,0.0
17195,2,15,0.0,1,0.31348447393104983,0,0.0
18027,3,7,0.0,1,0.8095448690060727,1,0.0
18057,1,23,0.0,1,0.2544897504452813,0,0.0
18075,3,9,0.0,1,0.6183606715149554,1,0.0
18077,2,11,0.0,1,0.20989787337528526,0,0.0
18113,1,17,0.0,1,0.30074105254385525,0,0.0
18131,3,13,0.0,1,0.3513416139696478,0,0.0
18159,2,10,0.0,1,0.36046538397885286,0,0.0
18181,2,18,0.0,1,0.4703783519484131,0,0.0
19043,2,24,0.0,1,0.09681496624401387,0,0.0
19073,2,13,0.0,1,0.08851317751788788,0,0.0
19075,1,16,0.0,1,0.10707686076144246,0,0.0
19083,2,12,0.0,1,0.07008996654692645,0,0.0
19093,1,12,0.0,1,0.0524957554912472,0,0.0
19101,1,16,0.0,1,0.042728149719926854,0,0.0
19107,2,19,0.0,1,0.07892610744400583,0,0.0
19171,2,19,0.0,1,0.11411413336230627,0,0.0
19189,1,11,0.0,1,0.12592053679760407,0,0.0
20049,3,10,0.0,1,0.06266392269976237,0,0.0
20063,2,10,0.0,1,0.13818367650593644,0,0.0
20101,3,5,0.0,1,0.12497439503497905,0,0.0
20119,1,5,0.0,1,0.06117032193409178,0,0.0
20153,3,10,0.0,1,0.11198884668401472,0,0.0
20177,1,29,0.0,1,0.6797740989729997,1,0.0
20185,3,9,0.0,1,0.15172882880534014,0,0.0
20193,3,8,0.0,1,0.09948220574772822,0,0.0
20199,2,4,0.0,1,0.11360412579458397,0,0.0
20207,3,10,0.0,1,0.15553984563423442,0,0.0
21005,2,5,0.0,1,0.1274773869964098,0,0.0
21031,4,10,0.0,1,0.09131650838407206,0,0.0
21065,4,5,0.0,1,0.3823662799397949,0,0.0
21091,2,5,0.0,1,0.14571665003378864,0,0.0
21095,4,27,0.0,1,0.3402589352668979,0,0.0
21135,4,9,0.0,1,0.17883008708853215,0,0.0
21147,4,8,0.0,1,0.02990754464643187,0,0.0
21155,1,11,0.0,1,0.02153646508665614,0,0.0
21165,4,5,0.0,1,0.10486787770975654,0,0.0
21181,4,6,0.0,1,0.3851653663862979,0,0.0
21229,3,7,0.0,1,0.12369421402222286,0,0.0
22025,4,9,0.0,1,0.09877719900179817,0,0.0
22085,4,12,0.0,1,0.1175069635665256,0,0.0
23003,4,41,0.0,1,0.13265530943012332,0,0.0
24015,1,15,0.0,1,0.44023189175648975,0,1.0
24023,2,12,0.0,1,0.046363091716159786,0,0.0
25007,1,7,0.0,1,0.22833742076453684,0,0.0
26001,3,13,0.0,1,0.12016258012085619,0,0.0
26007,3,8,0.0,1,0.15176869781374414,0,0.0
26029,2,10,0.0,1,0.184053006514526,0,0.0
26031,3,15,0.0,1,0.3628277092184226,0,0.0
26033,3,17,0.0,1,0.3864641972010519,0,0.0
26057,3,20,0.0,1,0.4385641175623204,0,0.0
26071,3,8,0.0,1,0.03631142374638844,0,0.0
26079,3,8,0.0,1,0.23450244126294695,0,0.0
26109,3,14,0.0,1,0.15802514287636782,0,0.0
26119,3,5,0.0,1,0.08717643209969667,0,0.0
27021,2,24,0.0,1,0.04491614974938982,0,0.0
27031,2,6,0.0,1,0.020104664500045177,0,0.0
27033,2,13,0.0,1,0.18472744254883608,0,0.0
27035,2,18,0.0,1,0.07760632051708247,0,0.0
27045,1,16,0.0,1,0.11248711994858296,0,0.0
27051,2,11,0.0,1,0.07577647677384981,0,0.0
27053,1,72,0.0,1,0.339562357964553,0,0.0
27089,1,15,0.0,1,0.06522798044147579,0,0.0
27093,1,13,0.0,1,0.13186905222074904,0,0.0
27107,2,14,0.0,1,0.06557425035451976,0,0.0
27121,1,12,0.0,1,0.0876876432341042,0,0.0
27155,1,9,0.0,1,0.0759837330610356,0,0.0
27157,1,13,0.0,1,0.08277773788347936,0,0.0
28017,4,8,0.0,1,0.1807043057096754,0,0.0
28049,1,21,0.0,1,0.5399939413503677,1,0.0
28063,4,7,0.0,1,0.1028243781489274,0,0.0
28139,4,9,0.0,1,0.1537627347844216,0,0.0
29005,2,9,0.0,1,0.058921590211524114,0,0.0
29045,3,11,0.0,1,0.11709287202256785,0,0.0
29061,3,16,0.0,1,0.178096976427331,0,0.0
29075,3,13,0.0,1,0.06357104687350856,0,0.0
29089,3,10,0.0,1,0.09323780615374613,0,0.0
29097,3,19,0.0,1,0.29962585022098875,0,1.0
29179,3,11,0.0,1,0.022364227133713485,0,0.0
29189,1,46,0.0,1,0.5795826927854443,1,0.0
29221,1,16,0.0,1,0.05662447138226798,0,0.0
29510,4,29,0.0,1,0.9176605321569283,1,1.0
30031,2,10,0.0,1,0.029558640400780514,0,0.0
30067,2,9,0.0,1,0.02532834711057641,0,0.0
30083,1,9,0.0,1,0.06381034793152146,0,0.0
30085,4,10,0.0,1,0.14505826337223374,0,0.0
30091,1,11,0.0,1,0.0874482950737289,0,0.0
30095,1,10,0.0,1,0.028798782014753978,0,0.0
30103,3,2,0.0,1,0.020439489225918244,0,0.0
31021,2,8,0.0,1,0.11926493095392866,0,0.0
31027,1,13,0.0,1,0.09951576471189529,0,0.0
31037,3,7,0.0,1,0.16844138202219125,0,0.0
31043,3,8,0.0,1,0.23533691868965173,0,0.0
31055,2,35,0.0,1,0.2688084252750496,0,0.0
31059,1,14,0.0,1,0.12725694419610026,0,0.0
31063,2,12,0.0,1,0.10684558229283783,0,0.0
31103,2,4,0.0,1,0.04619572002254117,0,0.0
31163,2,8,0.0,1,0.13855999375078115,0,0.0
31165,3,8,0.0,1,0.21527607145818478,0,0.0
31183,2,6,0.0,1,0.09395491155233646,0,0.0
32015,3,2,0.0,1,0.1152419222486116,0,0.0
32023,1,11,0.0,1,0.7122197919323159,1,1.0
32027,2,3,0.0,1,0.08852061178578458,0,0.0
32029,1,5,0.0,1,0.6080456527729312,1,0.0
33001,1,15,0.0,1,0.06791379871043587,0,0.0
33003,1,30,0.0,1,0.06033715615681967,0,0.0
34023,1,44,0.0,1,0.6004940642295356,1,0.0
34029,1,30,0.0,1,0.5318739337368964,1,0.0
35003,3,9,0.0,1,0.2836248425983763,0,0.0
35057,4,9,0.0,1,0.5148409749368916,1,0.0
35059,3,8,0.0,1,0.11543682864789423,0,0.0
36025,3,47,0.0,1,0.0474025487146755,0,0.0
36029,2,70,0.0,1,0.6848900017991338,1,0.0
36035,3,14,0.0,1,0.31948142358547443,0,0.0
36079,1,12,0.0,1,0.11000944448989038,0,0.0
37005,4,7,0.0,1,0.12068782787354032,0,0.0
37073,2,6,0.0,1,0.020131673427665725,0,0.0
37081,3,31,0.0,1,0.34947648771167933,0,0.0
37095,4,7,0.0,1,0.09743687435670649,0,0.0
37139,3,1,0.0,1,0.3990424887444436,0,0.0
37145,2,10,0.0,1,0.12595712752444768,0,0.0
37173,4,5,0.0,1,0.11325680544944389,0,0.0
38019,1,16,0.0,1,0.13365659780003644,0,0.0
38033,1,4,0.0,1,0.09983064765867214,0,0.0
38039,2,9,0.0,1,0.13672117641809461,0,0.0
38059,1,8,0.0,1,0.08428067915625895,0,0.0
38065,1,6,0.0,1,0.11628640338885049,0,0.0
38083,2,9,0.0,1,0.05655998360839744,0,0.0
38091,1,12,0.0,1,0.07746167632829211,0,0.0
38095,3,10,0.0,1,0.10038594269473605,0,0.0
39049,2,49,0.0,1,0.8317828598575423,1,0.0
39149,2,18,0.0,1,0.42998233165017713,0,0.0
39153,2,41,0.0,1,0.5021747125582633,1,0.0
40005,4,15,0.0,1,0.36028392141000537,0,0.0
40093,2,15,0.0,1,0.223307121001151,0,0.0
40129,3,9,0.0,1,0.1507107293418857,0,0.0
41045,4,13,0.0,1,0.5685416796365994,1,0.0
41051,2,42,0.0,1,0.779398583757729,1,0.0
41057,2,16,0.0,1,0.10997542543946645,0,0.0
42045,1,44,0.0,1,0.6794557943919033,1,0.0
42063,3,49,0.0,1,0.2310076441131276,0,0.0
42077,1,34,0.0,1,0.5217404182064997,1,0.0
42093,2,9,0.0,1,0.11229810752086217,0,0.0
44001,1,3,0.0,1,0.5291209700869237,1,0.0
46011,2,12,0.0,1,0.13307339097403306,0,0.0
46023,4,10,0.0,1,0.10950832069921279,0,0.0
46057,1,12,0.0,1,0.13302930200332144,0,0.0
46061,2,7,0.0,1,0.10462667180115298,0,0.0
46089,2,8,0.0,1,0.06497124401797089,0,0.0
46097,1,9,0.0,1,0.07783566856171398,0,0.0
46119,1,6,0.0,1,0.1042218098296148,0,0.0
46125,1,15,0.0,1,0.12113031746999056,0,0.0
47081,3,13,0.0,1,0.08578839206985554,0,0.0
47091,4,5,0.0,1,0.35031358531472717,0,0.0
47127,3,10,0.0,1,0.7280990513793217,1,0.0
47137,4,6,0.0,1,0.47312759976874263,0,0.0
47151,4,9,0.0,1,0.41935961185665643,0,0.0
48011,1,6,0.0,1,0.08017482459463941,0,0.0
48027,3,23,0.0,1,0.7600677038889473,1,0.0
48141,1,30,0.0,1,0.7843493975046111,1,1.0
48231,3,17,0.0,1,0.5805173082119268,1,1.0
48253,4,10,0.0,1,0.4345031068419492,0,0.0
48283,3,4,0.0,1,0.13641114473602758,0,0.0
48295,2,7,0.0,1,0.1798770161854505,0,0.0
48319,2,6,0.0,1,0.08997896566623612,0,0.0
48327,3,4,0.0,1,0.09852495838925665,0,0.0
48339,1,27,0.0,1,0.5346354473141423,1,0.0
48369,3,5,0.0,1,0.14212216572733657,0,0.0
48385,4,8,0.0,1,0.19165021085841882,0,0.0
48417,4,5,0.0,1,0.4148948314870916,0,0.0
48447,4,7,0.0,1,0.11153872983402915,0,0.0
48453,1,63,0.0,1,0.5816735871851337,1,0.0
48479,4,10,0.0,1,0.803077137071658,1,1.0
48483,3,6,0.0,1,0.230828189683601,0,0.0
48485,3,11,0.0,1,0.9129908658049963,1,1.0
49015,2,9,0.0,1,0.16242834393861974,0,0.0
49045,1,8,0.0,1,0.4380424886767476,0,0.0
49051,1,6,0.0,1,0.11343850823487896,0,0.0
51053,3,12,0.0,1,0.3644221638539491,0,0.0
51099,1,3,0.0,1,0.032250503639397056,0,0.0
51115,2,15,0.0,1,0.1018816056750457,0,0.0
51183,1,11,0.0,1,0.0010353906840740133,0,0.0
51720,4,1,0.0,1,0.47499442246716034,0,0.0
51735,1,1,0.0,1,0.06590548267315219,0,0.0
51760,1,15,0.0,1,0.7803834408693582,1,0.0
51775,1,1,0.0,1,0.09758884473739735,0,0.0
53013,3,5,0.0,1,0.0362531097869414,0,0.0
53019,4,9,0.0,1,0.03610465967846731,0,0.0
53051,3,9,0.0,1,0.13626349326383488,0,0.0
53055,1,9,0.0,1,0.05427286896400292,0,0.0
53063,1,45,0.0,1,0.7528195697810457,1,0.0
53069,1,6,0.0,1,0.034376068148045225,0,0.0
54015,4,16,0.0,1,0.0019275730171189093,0,0.0
54075,3,13,0.0,1,0.03968720271675174,0,0.0
54085,4,14,0.0,1,0.07095668125054605,0,0.0
55037,2,4,0.0,1,0.027332145013972707,0,0.0
55049,1,19,0.0,1,0.0737539686524448,0,0.0
55053,2,14,0.0,1,0.10159881880141441,0,0.0
55079,3,37,0.0,1,0.9332415966125838,1,0.0
55101,2,16,0.0,1,0.6596408577270482,1,0.0
55109,1,18,0.0,1,0.1000622627978106,0,0.0
56019,2,4,0.0,1,0.02829318120341575,0,0.0
56023,1,15,0.0,1,0.04314440178782322,0,0.0
01005,4,9,0.0,2,0.42924069648365293,0,0.0
01117,1,22,0.0,2,0.1870044585843405,0,0.0
04017,4,33,0.0,2,0.4904916949378328,0,1.0
05007,2,21,0.0,2,0.1656906770974757,0,0.0
05109,4,10,0.0,2,0.13395941312916715,0,0.0
05119,1,31,0.0,2,0.5896854386616459,1,0.0
06029,1,52,0.0,2,0.8059558577085859,1,1.0
06049,3,13,0.0,2,0.4270516595748391,0,0.0
06053,3,31,0.0,2,0.49477369008595445,0,0.0
06059,1,91,0.0,2,0.6860648939565328,1,0.0
06075,1,29,0.0,2,0.39025313920974886,0,0.0
06107,4,41,0.0,2,0.8243502881778937,1,0.0
06111,1,33,0.0,2,0.41119221215732554,0,0.0
08019,1,6,0.0,2,0.16391629279174733,0,0.0
08027,2,4,0.0,2,0.16744888215389953,0,0.0
08061,3,5,0.0,2,0.1445570432634486,0,0.0
08085,3,12,0.0,2,0.31550516493120173,0,0.0
08089,4,7,0.0,2,0.475981780446556,0,0.0
12071,1,38,0.0,2,0.45394307242894233,0,0.0
12127,3,29,0.0,2,0.4526654140676861,0,0.0
13027,4,10,0.0,2,0.47151021826176853,0,0.0
13029,1,3,0.0,2,0.12452847824596235,0,0.0
13049,4,4,0.0,2,0.33748741697970136,0,0.0
13067,1,23,0.0,2,0.37451936847369094,0,0.0
13081,4,5,0.0,2,0.7446597241742043,1,0.0
13091,4,8,0.0,2,0.38968149863794826,0,0.0
13133,3,7,0.0,2,0.3126676037817196,0,0.0
13159,3,6,0.0,2,0.24531026130575354,0,0.0
13171,3,9,0.0,2,0.6157906959920383,1,0.0
13177,2,7,0.0,2,0.16143736459004746,0,0.0
13181,4,2,0.0,2,0.1979048057505117,0,0.0
13209,4,7,0.0,2,0.3034532391122565,0,0.0
13213,3,6,0.0,2,0.2803566680598004,0,0.0
13221,3,10,0.0,2,0.19868183875241352,0,0.0
13241,4,9,0.0,2,0.2766513063247257,0,0.0
13245,1,11,0.0,2,0.7527871849588804,1,1.0
13255,4,7,0.0,2,0.8121856149904391,1,0.0
13307,4,6,0.0,2,0.15227782697940329,0,0.0
13319,4,9,0.0,2,0.44057962433343156,0,0.0
16027,3,13,0.0,2,0.5433169159673802,1,0.0
16043,3,9,0.0,2,0.17238490644508941,0,0.0
16049,3,16,0.0,2,0.14487491325906962,0,0.0
16071,2,4,0.0,2,0.1435975765905574,0,0.0
17023,2,11,0.0,2,0.17873153543641915,0,0.0
17029,4,16,0.0,2,0.47400128639478817,0,0.0
17037,2,22,0.0,2,0.4867128005031763,0,0.0
17067,2,19,0.0,2,0.1828252867802197,0,0.0
17101,3,7,0.0,2,0.26233658965700907,0,0.0
17155,1,8,0.0,2,0.16749198700187753,0,0.0
17175,3,10,0.0,2,0.1803357769624442,0,0.0
17197,1,45,0.0,2,0.4918571190395342,0,0.0
18007,3,10,0.0,2,0.38811951919421706,0,0.0
18015,2,17,0.0,2,0.4169520998460402,0,0.0
18065,3,22,0.0,2,0.646067176026276,1,0.0
18089,2,28,0.0,2,0.8265843008976967,1,0.0
18115,2,5,0.0,2,0.18366919639082052,0,0.0
18119,3,14,0.0,2,0.2954895628845119,0,0.0
18121,3,12,0.0,2,0.28294055532926815,0,0.0
18125,2,11,0.0,2,0.31702988206130606,0,0.0
19001,2,14,0.0,2,0.14413120718323374,0,0.0
19029,2,13,0.0,2,0.1344891633407319,0,0.0
19055,1,16,0.0,2,0.19115857909465608,0,0.0
19115,2,13,0.0,2,0.15606886351879584,0,0.0
19125,1,19,0.0,2,0.1372986670633143,0,0.0
19131,1,12,0.0,2,0.19818748221601448,0,0.0
19135,2,7,0.0,2,0.12259287005503439,0,0.0
19139,2,13,0.0,2,0.17762528535565275,0,0.0
19141,2,14,0.0,2,0.202549599164556,0,0.0
19153,2,41,0.0,2,0.23233251986235784,0,0.0
20025,2,6,0.0,2,0.18291264273604,0,0.0
20043,2,10,0.0,2,0.1204880950890571,0,0.0
20053,2,9,0.0,2,0.17038215217635697,0,0.0
20065,2,13,0.0,2,0.20899168952852218,0,0.0
20077,3,10,0.0,2,0.17634642231827427,0,0.0
20089,3,14,0.0,2,0.09006153736298676,0,0.0
20093,3,4,0.0,2,0.1493706285920365,0,0.0
20115,1,19,0.0,2,0.17186154707587076,0,0.0
20117,2,13,0.0,2,0.14300135872888942,0,0.0
20145,2,9,0.0,2,0.1831355955232017,0,0.0
20181,2,4,0.0,2,0.13702421366271164,0,0.0
20187,3,3,0.0,2,0.17911410089486793,0,0.0
20195,1,8,0.0,2,0.1901998450063757,0,0.0
20197,1,16,0.0,2,0.21420778812859245,0,0.0
20203,1,3,0.0,2,0.18048073606796708,0,0.0
21043,4,10,0.0,2,0.3986224444073504,0,0.0
21123,3,9,0.0,2,0.14004190618733742,0,0.0
21143,3,4,0.0,2,0.11931387290106471,0,0.0
21213,2,5,0.0,2,0.36944777326414946,0,0.0
21223,3,5,0.0,2,0.24107298224658083,0,0.0
21233,4,10,0.0,2,0.33193499202530374,0,0.0
22035,4,4,0.0,2,0.3159492773163353,0,0.0
22061,1,8,0.0,2,0.7376896836697098,1,1.0
22067,4,7,0.0,2,0.4724104122012879,0,0.0
22071,4,17,0.0,2,0.8565712909601525,1,0.0
22081,3,5,0.0,2,0.17572764323370255,0,0.0
22091,3,7,0.0,2,0.27864369357268337,0,0.0
23015,2,25,0.0,2,0.14771700004897897,0,0.0
23029,4,31,0.0,2,0.14797854850765602,0,0.0
24003,1,40,0.0,2,0.3092184830929269,0,0.0
24031,1,50,0.0,2,0.23463014614475133,0,0.0
26035,4,8,0.0,2,0.664801820339651,1,0.0
26043,2,11,0.0,2,0.1446894703300403,0,0.0
26053,4,7,0.0,2,0.10485299276582333,0,0.0
26095,3,3,0.0,2,0.11259251361993254,0,0.0
26105,3,10,0.0,2,0.46224654996744285,0,0.0
26111,2,15,0.0,2,0.2523520822877176,0,0.0
26163,3,68,0.0,2,0.8440819868362761,1,0.0
27011,2,10,0.0,2,0.1945443591637086,0,0.0
27019,1,18,0.0,2,0.20200484681353828,0,0.0
27071,2,13,0.0,2,0.11686537641019693,0,0.0
27073,1,10,0.0,2,0.18665776850533378,0,0.0
27081,2,12,0.0,2,0.19240267554312682,0,0.0
27161,2,13,0.0,2,0.1772762385738559,0,0.0
27165,2,10,0.0,2,0.27734801963808403,0,0.0
28005,4,9,0.0,2,0.15113576907270984,0,0.0
28047,1,13,0.0,2,0.7365712534190715,1,1.0
28053,4,8,0.0,2,0.6001197719625503,1,0.0
28059,3,10,0.0,2,0.4029468456980896,0,1.0
28079,4,7,0.0,2,0.2309046079363699,0,0.0
28105,4,6,0.0,2,0.13542458408669222,0,0.0
29077,3,21,0.0,2,0.43189556399471374,0,0.0
29087,3,6,0.0,2,0.08766756399088388,0,0.0
29125,3,10,0.0,2,0.07595016771197226,0,0.0
29137,3,16,0.0,2,0.15657552476092962,0,0.0
29171,3,10,0.0,2,0.08224498783394449,0,0.0
30009,1,13,0.0,2,0.1269471973836619,0,0.0
30017,2,6,0.0,2,0.11521388229655992,0,0.0
30023,4,5,0.0,2,0.08665590072721811,0,0.0
30033,2,8,0.0,2,0.11900066292502122,0,0.0
30069,2,4,0.0,2,0.13296717958316712,0,0.0
30071,3,8,0.0,2,0.11659506932596798,0,0.0
30077,2,8,0.0,2,0.09001005959663128,0,0.0
30079,3,7,0.0,2,0.14064276916152,0,0.0
30109,2,2,0.0,2,0.17701441417482583,0,0.0
31005,2,8,0.0,2,0.17589504678364049,0,0.0
31039,2,11,0.0,2,0.1936123431593404,0,0.0
31049,2,4,0.0,2,0.165702690890374,0,0.0
31051,1,12,0.0,2,0.19567440428021815,0,0.0
31071,2,3,0.0,2,0.19545673928432655,0,0.0
31077,1,8,0.0,2,0.20218818244952275,0,0.0
31089,1,14,0.0,2,0.20428528340730692,0,0.0
31097,2,12,0.0,2,0.1712580237709871,0,0.0
31113,2,3,0.0,2,0.2055067391060494,0,0.0
31115,2,5,0.0,2,0.19875551710199602,0,0.0
31147,2,9,0.0,2,0.17059887407292154,0,0.0
31169,1,15,0.0,2,0.20090314328948433,0,0.0
31171,1,4,0.0,2,0.19880425955861064,0,0.0
34013,2,31,0.0,2,0.8359882672345842,1,0.0
35001,1,27,0.0,2,0.8823359368528895,1,0.0
35027,3,14,0.0,2,0.4333978444968522,0,0.0
35031,4,24,0.0,2,0.7952279862943034,1,1.0
35033,3,13,0.0,2,0.05339401687438595,0,0.0
35045,4,22,0.0,2,0.8131002680573897,1,1.0
36005,4,28,0.0,2,0.9141008516962533,1,0.0
36019,2,25,0.0,2,0.1538564852847889,0,0.0
36059,1,69,0.0,2,0.592900908726625,1,0.0
36067,2,55,0.0,2,0.5840207275003106,1,0.0
36081,2,63,0.0,2,0.9414792397139762,1,0.0
36085,1,12,0.0,2,0.8527422961800745,1,0.0
36103,1,108,0.0,2,0.5151167103457138,1,0.0
37011,3,10,0.0,2,0.09240954493465571,0,0.0
37075,4,2,0.0,2,0.06850353643413495,0,0.0
37097,2,16,0.0,2,0.25950644892963315,0,1.0
37099,4,11,0.0,2,0.07475440336410269,0,0.0
37103,4,9,0.0,2,0.2621979555739783,0,0.0
37115,3,6,0.0,2,0.0791506066416412,0,0.0
37117,4,11,0.0,2,0.30706447729526165,0,0.0
37183,1,39,0.0,2,0.1967274169992918,0,0.0
38011,1,5,0.0,2,0.20492137426572235,0,0.0
38021,1,8,0.0,2,0.1948719704117458,0,0.0
38029,2,8,0.0,2,0.20862060529337825,0,0.0
38061,2,12,0.0,2,0.15995627662137107,0,0.0
38081,1,12,0.0,2,0.20800232963631543,0,0.0
38087,1,9,0.0,2,0.20274972959053772,0,0.0
38103,1,12,0.0,2,0.19831721523889534,0,0.0
39003,2,20,0.0,2,0.7792135415661068,1,0.0
39021,1,17,0.0,2,0.2469625559438693,0,0.0
39027,3,13,0.0,2,0.5094073384337505,1,0.0
39051,1,12,0.0,2,0.3688109669194283,0,0.0
39061,1,57,0.0,2,0.8111954561333854,1,1.0
39067,3,16,0.0,2,0.26455354882333837,0,0.0
39097,1,12,0.0,2,0.2362872937795363,0,0.0
39115,4,11,0.0,2,0.2073955088139693,0,0.0
39157,2,27,0.0,2,0.2507155233095675,0,0.0
40031,3,19,0.0,2,0.7483571572595463,1,1.0
40057,4,6,0.0,2,0.24254571352235577,0,0.0
40061,4,7,0.0,2,0.3633447787255344,0,0.0
40109,3,55,0.0,2,0.8394193773445194,1,1.0
41037,4,10,0.0,2,0.4902236042589002,0,0.0
42003,1,114,0.0,2,0.4256077558014073,0,0.0
42007,2,28,0.0,2,0.36818163634007767,0,0.0
42017,1,55,0.0,2,0.32868655969751376,0,0.0
42029,1,44,0.0,2,0.14312080290775211,0,0.0
42071,1,57,0.0,2,0.345739672986152,0,0.0
42105,3,15,0.0,2,0.08307884195880147,0,0.0
42121,3,23,0.0,2,0.1127636497295505,0,0.0
45019,1,30,0.0,2,0.4179732650933724,0,0.0
46017,4,6,0.0,2,0.1782674305791982,0,0.0
46019,3,8,0.0,2,0.15040411767809095,0,0.0
46025,2,13,0.0,2,0.21556527387447189,0,0.0
46039,1,12,0.0,2,0.19593259262785367,0,0.0
46045,1,10,0.0,2,0.19212427283517156,0,0.0
46049,2,10,0.0,2,0.2075584334540907,0,0.0
46085,2,9,0.0,2,0.1766449866958953,0,0.0
46095,4,7,0.0,2,0.2884351742903479,0,0.0
46117,1,4,0.0,2,0.2047019920204547,0,0.0
47023,3,12,0.0,2,0.2662261546551277,0,0.0
47041,4,11,0.0,2,0.6265036596955004,1,0.0
47047,1,15,0.0,2,0.29708116135653445,0,0.0
47051,3,15,0.0,2,0.5118196342713217,1,0.0
47157,1,38,0.0,2,0.7975520022739937,1,1.0
47169,2,5,0.0,2,0.31783487142460043,0,0.0
48041,3,9,0.0,2,0.7218764125704714,1,0.0
48059,2,9,0.0,2,0.2078805234449052,0,0.0
48095,3,6,0.0,2,0.22490994474988948,0,0.0
48121,1,37,0.0,2,0.5352937610171459,1,0.0
48153,3,6,0.0,2,0.3087763578794161,0,0.0
48173,3,4,0.0,2,0.7186022179195107,1,0.0
48211,1,4,0.0,2,0.17359640306305235,0,0.0
48235,2,4,0.0,2,0.16266925935220727,0,0.0
48257,2,13,0.0,2,0.6155219231282473,1,1.0
48311,3,7,0.0,2,0.4966253731031603,0,0.0
48345,3,6,0.0,2,0.16276293681270967,0,0.0
48357,4,5,0.0,2,0.27953795712480145,0,0.0
48413,2,3,0.0,2,0.23595434656777525,0,0.0
48425,3,7,0.0,2,0.603734571855315,1,0.0
49025,2,7,0.0,2,0.15569735375941912,0,0.0
49031,3,6,0.0,2,0.31377491642956046,0,0.0
49047,3,10,0.0,2,0.19174736629045894,0,0.0
49053,2,21,0.0,2,0.3836504054637786,0,1.0
49055,2,6,0.0,2,0.18597273656962185,0,0.0
50003,2,21,0.0,2,0.15395262875991914,0,0.0
50011,1,17,0.0,2,0.15182515845897748,0,0.0
50015,2,11,0.0,2,0.11075670417088455,0,0.0
51017,4,7,0.0,2,0.03709570371404936,0,0.0
51023,1,12,0.0,2,0.15760018479460547,0,0.0
51029,3,11,0.0,2,0.10724469257109001,0,0.0
51033,1,11,0.0,2,0.14450896435932684,0,0.0
51035,3,17,0.0,2,0.17787133495162433,0,0.0
51043,1,7,0.0,2,0.16460259078085873,0,0.0
51067,3,16,0.0,2,0.14139244605550078,0,0.0
51071,2,10,0.0,2,0.11334757013795921,0,0.0
51157,1,10,0.0,2,0.12870850670430484,0,0.0
51163,3,12,0.0,2,0.16145114263758065,0,0.0
51167,4,11,0.0,2,0.27418680053056405,0,0.0
51169,3,12,0.0,2,0.13163825555154274,0,0.0
51195,4,8,0.0,2,0.2430951388948334,0,0.0
51790,1,2,0.0,2,0.23446431097052153,0,0.0
51820,3,1,0.0,2,0.4181354907638598,0,0.0
51830,1,2,0.0,2,0.1807770726962259,0,0.0
53053,1,59,0.0,2,0.5905718071179569,1,0.0
54013,4,16,0.0,2,0.12146501430898932,0,0.0
54017,3,10,0.0,2,0.17301043561395885,0,0.0
54021,4,16,0.0,2,0.07010859108406431,0,0.0
54045,4,33,0.0,2,0.4712203303054557,0,0.0
54057,2,10,0.0,2,0.5235693157538652,1,0.0
54077,3,16,0.0,2,0.10406191110217755,0,0.0
54093,2,10,0.0,2,0.10879320471745488,0,0.0
54105,4,8,0.0,2,0.14332119013363198,0,0.0
55003,3,11,0.0,2,0.12263851264600105,0,0.0
55025,1,45,0.0,2,0.12219108296402656,0,0.0
55033,2,22,0.0,2,0.12809856852061466,0,0.0
01013,4,8,0.0,3,0.14183759154364212,0,0.0
01023,4,10,0.0,3,0.05823071041875763,0,0.0
01027,4,10,0.0,3,0.1376767404039051,0,0.0
01029,3,7,0.0,3,0.13695763172945316,0,0.0
01041,3,11,0.0,3,0.09457502648058937,0,0.0
04001,4,33,0.0,3,0.4209995796594247,0,1.0
04005,1,28,0.0,3,0.3095512784259471,0,1.0
04011,2,3,0.0,3,0.2238501706760278,0,0.0
04015,1,25,0.0,3,0.6330426561919741,1,1.0
05017,4,6,0.0,3,0.38615494414601415,0,0.0
05131,3,16,0.0,3,0.4536541088433105,0,1.0
06001,1,53,0.0,3,0.405873675431565,0,0.0
06025,4,17,0.0,3,0.7316108811480331,1,1.0
06067,2,57,0.0,3,0.7183895000273355,1,0.0
06071,3,93,0.0,3,0.7066073043572725,1,0.0
06095,1,21,0.0,3,0.5547866878464207,1,0.0
06099,3,28,0.0,3,0.727049296531812,1,0.0
08023,4,7,0.0,3,0.22783936462892954,0,0.0
08029,4,8,0.0,3,0.30447505227197147,0,0.0
08039,1,14,0.0,3,0.15271619401967146,0,0.0
08041,1,45,0.0,3,0.5675284729396465,1,0.0
08049,1,10,0.0,3,0.11277367560899655,0,0.0
08065,3,2,0.0,3,0.15004374726253847,0,0.0
08071,4,11,0.0,3,0.24185449250374075,0,0.0
08083,3,7,0.0,3,0.22929836461424286,0,0.0
08111,1,2,0.0,3,0.07553241949709777,0,0.0
12007,1,9,0.0,3,0.0016978906132715202,0,0.0
12021,1,23,0.0,3,0.2853639733954204,0,0.0
12037,4,8,0.0,3,0.1952141101953631,0,0.0
12045,2,2,0.0,3,0.10536104782908925,0,0.0
12057,2,56,0.0,3,0.4800014861871633,0,0.0
12067,4,2,0.0,3,0.08668342089111888,0,0.0
12103,2,48,0.0,3,0.6436032949808208,1,0.0
13061,4,6,0.0,3,0.17962645110621495,0,0.0
13065,4,7,0.0,3,0.27160223287824614,0,0.0
13123,3,5,0.0,3,0.11590973917546499,0,0.0
13135,2,26,0.0,3,0.30786301576685393,0,0.0
13147,4,8,0.0,3,0.4544201266602099,0,0.0
13183,4,5,0.0,3,0.12161377303740756,0,0.0
13185,1,11,0.0,3,0.532910966983782,1,1.0
13201,4,5,0.0,3,0.28437186841827605,0,0.0
13211,1,9,0.0,3,0.1273852021465986,0,0.0
13271,4,7,0.0,3,0.19629753119211435,0,0.0
17005,3,12,0.0,3,0.30353712752990925,0,0.0
17035,3,12,0.0,3,0.23142316022235626,0,0.0
17083,1,11,0.0,3,0.25701231765481186,0,0.0
17085,1,15,0.0,3,0.18390074560170433,0,0.0
17119,2,35,0.0,3,0.5229107992619377,1,1.0
17131,1,18,0.0,3,0.17365903305646938,0,0.0
17145,3,12,0.0,3,0.26960535829104315,0,0.0
18031,2,10,0.0,3,0.29873868193201,0,0.0
18045,2,10,0.0,3,0.24494519859023256,0,0.0
18099,3,13,0.0,3,0.5780487458711784,1,0.0
18155,3,9,0.0,3,0.24244891675651112,0,0.0
18171,2,11,0.0,3,0.2918523995560599,0,0.0
19005,2,10,0.0,3,0.13818702939196242,0,0.0
19025,2,14,0.0,3,0.20862564727623412,0,0.0
19035,2,15,0.0,3,0.19406331781747677,0,0.0
19053,3,11,0.0,3,0.12333101952738332,0,0.0
19063,2,7,0.0,3,0.19835064390215482,0,0.0
19091,2,17,0.0,3,0.25237479099446564,0,0.0
19159,2,12,0.0,3,0.13174400585882984,0,0.0
19167,1,19,0.0,3,0.1712438685513979,0,0.0
20017,3,11,0.0,3,0.34274476159391387,0,0.0
20031,2,10,0.0,3,0.20426605700429198,0,0.0
20033,1,3,0.0,3,0.16829261719110147,0,0.0
20069,1,7,0.0,3,0.10208586383463711,0,0.0
20081,3,3,0.0,3,0.13372296113686466,0,0.0
20137,1,7,0.0,3,0.15622495828713598,0,0.0
20157,2,15,0.0,3,0.20413210829561737,0,0.0
20165,2,10,0.0,3,0.24072401807963345,0,0.0
21053,4,4,0.0,3,0.4157974020190909,0,0.0
21109,4,5,0.0,3,0.1432437553029764,0,0.0
21129,4,6,0.0,3,0.1694928638870115,0,0.0
21169,4,10,0.0,3,0.1959081695000125,0,0.0
21189,4,6,0.0,3,0.10930253340725944,0,0.0
22029,4,5,0.0,3,0.3151269872201163,0,0.0
22033,1,24,0.0,3,0.5628466850731183,1,0.0
22059,4,8,0.0,3,0.15545130297712403,0,0.0
22073,1,14,0.0,3,0.305090167241772,0,1.0
22125,2,4,0.0,3,0.0815793992265996,0,0.0
23023,1,8,0.0,3,0.1100260431403694,0,0.0
24033,1,39,0.0,3,0.3833972319234657,0,1.0
24510,1,31,0.0,3,0.6623203748908688,1,1.0
25009,1,45,0.0,3,0.4440278523274828,0,0.0
25019,1,2,0.0,3,0.1835319439367456,0,0.0
25021,1,41,0.0,3,0.25312957486995563,0,0.0
26019,1,11,0.0,3,0.19629457499369668,0,0.0
26037,2,17,0.0,3,0.38021731845033097,0,0.0
26047,2,11,0.0,3,0.18674424780884466,0,0.0
26085,4,11,0.0,3,0.2877064321883369,0,0.0
26089,1,11,0.0,3,0.27400452505915796,0,0.0
26107,3,16,0.0,3,0.37586458518072957,0,0.0
26113,3,9,0.0,3,0.19572978511054423,0,0.0
26131,3,12,0.0,3,0.0710675718198317,0,0.0
27013,3,20,0.0,3,0.30983602454638637,0,0.0
27015,1,10,0.0,3,0.17537538135970288,0,0.0
27023,2,10,0.0,3,0.15931909318147452,0,0.0
27039,1,10,0.0,3,0.12560168518935394,0,0.0
27043,2,14,0.0,3,0.2059116158676359,0,0.0
27063,2,14,0.0,3,0.20076431071506404,0,0.0
27067,2,16,0.0,3,0.17685961399760242,0,0.0
27069,1,11,0.0,3,0.11015339405042134,0,0.0
27075,1,8,0.0,3,0.049652165472748616,0,0.0
27077,1,4,0.0,3,0.028436881143685946,0,0.0
27103,1,10,0.0,3,0.16166224025569897,0,0.0
27105,3,17,0.0,3,0.29931365801654153,0,0.0
27113,1,7,0.0,3,0.12003387476517863,0,0.0
27117,2,9,0.0,3,0.2479621757942074,0,0.0
27125,2,9,0.0,3,0.08762703520420524,0,0.0
27143,1,16,0.0,3,0.1407340418878461,0,0.0
27149,2,8,0.0,3,0.12280969915014747,0,0.0
27159,3,7,0.0,3,0.11237628378607248,0,0.0
28021,4,5,0.0,3,0.07579021969988198,0,0.0
28067,4,13,0.0,3,0.2062381346148907,0,1.0
28117,4,8,0.0,3,0.18469633010967731,0,0.0
28151,4,8,0.0,3,0.7116870903897581,1,1.0
29027,2,19,0.0,3,0.11292062036817789,0,0.0
29073,2,11,0.0,3,0.12890380932467926,0,0.0
29081,4,13,0.0,3,0.16662094727885246,0,0.0
29173,3,9,0.0,3,0.21579448184783184,0,0.0
29203,4,9,0.0,3,0.0860444355301534,0,0.0
29205,3,9,0.0,3,0.18851463207182279,0,0.0
29227,3,7,0.0,3,0.12091028012847704,0,0.0
30007,2,6,0.0,3,0.09672801101554705,0,0.0
30011,2,8,0.0,3,0.1363196130557522,0,0.0
30019,1,4,0.0,3,0.13401663418670554,0,0.0
30025,1,4,0.0,3,0.109174813331775,0,0.0
30057,1,18,0.0,3,0.08332490742475837,0,0.0
30059,3,4,0.0,3,0.08774151580362435,0,0.0
30075,3,6,0.0,3,0.1191577629656512,0,0.0
30097,1,6,0.0,3,0.10913679672318422,0,0.0
30099,2,12,0.0,3,0.1286819638538888,0,0.0
31019,1,14,0.0,3,0.03927855002346569,0,0.0
31053,2,14,0.0,3,0.16435061544304122,0,0.0
31087,2,6,0.0,3,0.16473856506900986,0,0.0
31099,2,11,0.0,3,0.15520799174173555,0,0.0
31101,2,7,0.0,3,0.17305181880965553,0,0.0
31127,2,13,0.0,3,0.11093733774352793,0,0.0
31129,2,10,0.0,3,0.188532345036664,0,0.0
31145,2,8,0.0,3,0.15217447418742372,0,0.0
31149,1,4,0.0,3,0.1360376831378302,0,0.0
31175,2,6,0.0,3,0.16322116156244343,0,0.0
32003,1,73,0.0,3,0.7349481397179443,1,1.0
32009,4,4,0.0,3,0.2721654773800631,0,0.0
33017,1,17,0.0,3,0.11638891550078537,0,0.0
34005,1,38,0.0,3,0.24905662660435451,0,0.0
34007,1,35,0.0,3,0.6061695210743587,1,0.0
34039,1,27,0.0,3,0.5776319910854579,1,0.0
35006,4,17,0.0,3,0.5704058526530105,1,0.0
35013,1,26,0.0,3,0.5359432748746591,1,0.0
35021,3,6,0.0,3,0.2061499854743124,0,0.0
35023,4,5,0.0,3,0.26767366630607803,0,0.0
35028,1,1,0.0,3,0.17609026289053306,0,0.0
35047,4,19,0.0,3,0.4659372823949265,0,0.0
36017,3,26,0.0,3,0.10375014944859368,0,0.0
36051,2,30,0.0,3,0.143904717465129,0,0.0
36061,2,47,0.0,3,0.7584467694172439,1,0.0
36113,1,25,0.0,3,0.16783543894103142,0,0.0
36119,1,77,0.0,3,0.38127720054119035,0,0.0
36121,2,24,0.0,3,0.11452204212794379,0,0.0
37087,2,7,0.0,3,0.08180980854506478,0,0.0
37137,3,9,0.0,3,0.16218297886022454,0,0.0
37143,3,6,0.0,3,0.15621369400004514,0,0.0
37167,2,12,0.0,3,0.17186935013315807,0,0.0
37177,4,3,0.0,3,0.08651470920574202,0,0.0
37199,3,5,0.0,3,0.07245792471052942,0,0.0
38001,1,6,0.0,3,0.1364234441766388,0,0.0
38009,1,14,0.0,3,0.1013663203296908,0,0.0
38013,1,9,0.0,3,0.11871152419502247,0,0.0
38041,2,5,0.0,3,0.15557801654927145,0,0.0
38047,1,7,0.0,3,0.18264397750353795,0,0.0
38049,1,18,0.0,3,0.10942966044937842,0,0.0
38069,3,11,0.0,3,0.16824649846142398,0,0.0
38079,4,10,0.0,3,0.3239099119966523,0,0.0
39011,1,18,0.0,3,0.47566453227884753,0,0.0
39015,3,19,0.0,3,0.33257790153211386,0,0.0
39029,3,24,0.0,3,0.40665828272389387,0,0.0
39033,3,15,0.0,3,0.33137057998728764,0,0.0
39039,1,14,0.0,3,0.45676007608703134,0,0.0
39043,2,13,0.0,3,0.589530411510047,1,0.0
39069,1,17,0.0,3,0.2901066683655433,0,0.0
39083,2,16,0.0,3,0.2184165189477391,0,0.0
39105,4,15,0.0,3,0.2846906598341227,0,0.0
39109,1,18,0.0,3,0.4938436187769196,0,0.0
39161,2,14,0.0,3,0.5230208092175184,1,0.0
39163,4,15,0.0,3,0.09362931554934836,0,0.0
40007,3,7,0.0,3,0.16614253854961603,0,0.0
41007,2,9,0.0,3,0.1384258541260977,0,0.0
41021,2,4,0.0,3,0.17526387078193903,0,0.0
41025,2,10,0.0,3,0.14113005713032764,0,0.0
42023,3,4,0.0,3,0.06804485551349175,0,0.0
42031,3,31,0.0,3,0.15528431817390717,0,0.0
42035,3,15,0.0,3,0.06994957031100857,0,0.0
42083,3,22,0.0,3,0.05688680230990918,0,0.0
42117,3,25,0.0,3,0.07713802116590443,0,0.0
42131,1,15,0.0,3,0.07680693456315799,0,0.0
44007,1,39,0.0,3,0.6044767577843131,1,0.0
45003,3,23,0.0,3,0.4096341071525347,0,1.0
45007,3,19,0.0,3,0.3298248586480961,0,0.0
45045,1,27,0.0,3,0.20701375560115592,0,0.0
45079,1,24,0.0,3,0.2996569270783942,0,0.0
46005,3,11,0.0,3,0.18293506648205718,0,0.0
46021,1,7,0.0,3,0.1582372645385095,0,0.0
46043,1,8,0.0,3,0.02026052216853072,0,0.0
46051,1,12,0.0,3,0.13755778379701727,0,0.0
46069,1,5,0.0,3,0.13926060712229296,0,0.0
46081,1,9,0.0,3,0.07436134124935781,0,0.0
46107,1,5,0.0,3,0.1603523121384813,0,0.0
47061,4,10,0.0,3,0.27036724982920307,0,0.0
47083,3,8,0.0,3,0.1019337472134128,0,0.0
47095,4,2,0.0,3,0.28467885241533997,0,0.0
47171,4,6,0.0,3,0.19398038657668273,0,0.0
48029,2,77,0.0,3,0.6858514167532821,1,0.0
48103,2,2,0.0,3,0.3416099814337458,0,0.0
48115,4,4,0.0,3,0.5831690596825106,1,0.0
48155,4,3,0.0,3,0.22711582291218377,0,0.0
48165,3,5,0.0,3,0.5168042490325009,1,0.0
48179,4,7,0.0,3,0.376016937348305,0,0.0
48181,2,21,0.0,3,0.5472490742230466,1,1.0
48189,3,9,0.0,3,0.5946024492781253,1,0.0
48191,4,6,0.0,3,0.2581252159952278,0,0.0
48297,3,10,0.0,3,0.4197092159439539,0,0.0
48305,3,7,0.0,3,0.4894337913572342,0,0.0
48359,1,6,0.0,3,0.1731872956747491,0,0.0
48393,4,5,0.0,3,0.3189957670161738,0,0.0
48433,3,7,0.0,3,0.19750914156518715,0,0.0
48435,1,2,0.0,3,0.07305910894799833,0,0.0
48443,3,2,0.0,3,0.2067818239286987,0,0.0
49001,2,4,0.0,3,0.2678132193492952,0,0.0
49017,3,11,0.0,3,0.1775336236667105,0,0.0
49033,2,4,0.0,3,0.13668842739996934,0,0.0
50009,3,10,0.0,3,0.06889035795220198,0,0.0
51011,3,8,0.0,3,0.10693106312167053,0,0.0
51045,1,5,0.0,3,0.016111308985131443,0,0.0
51077,4,9,0.0,3,0.1823651602876601,0,0.0
51089,4,12,0.0,3,0.35399325997341025,0,0.0
51101,1,6,0.0,3,0.05623824745058845,0,0.0
51109,2,12,0.0,3,0.09310971883526553,0,0.0
51125,2,17,0.0,3,0.07713288583920908,0,0.0
51165,2,22,0.0,3,0.21484654821810967,0,0.0
51181,3,10,0.0,3,0.10857846564012846,0,0.0
51540,3,4,0.0,3,0.14869439696570835,0,0.0
51580,3,1,0.0,3,0.10543215854527146,0,0.0
53033,1,84,0.0,3,0.1871086367998492,0,0.0
53039,3,15,0.0,3,0.1567296638939933,0,0.0
53049,3,13,0.0,3,0.16039031634622697,0,0.0
53065,3,21,0.0,3,0.1927929869855688,0,0.0
54043,4,19,0.0,3,0.14186956519338537,0,0.0
54055,4,19,0.0,3,0.45727620284677284,0,0.0
54063,3,13,0.0,3,0.1820520823943168,0,0.0
54089,4,15,0.0,3,0.18249791631048684,0,0.0
54101,4,11,0.0,3,0.08673960557475509,0,0.0
55011,1,9,0.0,3,0.07103980380738976,0,0.0
55019,3,21,0.0,3,0.09903364140068979,0,0.0
55041,3,11,0.0,3,0.05084444623436721,0,0.0
55047,2,12,0.0,3,0.23046194288943966,0,0.0
55091,1,6,0.0,3,0.07779415231928878,0,0.0
55107,3,14,0.0,3,0.08575534833796042,0,0.0
55113,3,12,0.0,3,0.06944000547532986,0,0.0
56005,1,8,0.0,3,0.0779602361891433,0,0.0
56043,2,2,0.0,3,0.19591744502449604,0,0.0
01073,1,62,0.0,4,0.7715539749006998,1,0.0
04003,3,23,0.0,4,0.6462488092264351,1,1.0
04012,4,8,0.0,4,0.24312577047157571,0,1.0
04025,2,31,0.0,4,0.37587852946043887,0,1.0
04027,4,10,0.0,4,0.8555997997783464,1,1.0
05089,3,17,0.0,4,0.22248777965790653,0,0.0
06003,1,3,0.0,4,0.155975632061237,0,0.0
06037,1,292,0.0,4,0.8717477653485436,1,0.0
06065,2,75,0.0,4,0.8410723039832857,1,1.0
06085,1,63,0.0,4,0.4166690471184552,0,0.0
08003,4,5,0.0,4,0.5914507545259775,1,0.0
08021,4,8,0.0,4,0.15444838093371271,0,0.0
08031,2,36,0.0,4,0.7965093269498837,1,0.0
08053,1,3,0.0,4,0.16043607542564087,0,0.0
08073,2,9,0.0,4,0.18556373571418397,0,0.0
08075,3,9,0.0,4,0.21150662735024395,0,0.0
08079,1,3,0.0,4,0.1638145655612758,0,0.0
08091,1,3,0.0,4,0.1560833696918285,0,0.0
08093,1,12,0.0,4,0.019825429980649338,0,0.0
08097,1,7,0.0,4,0.1384380976350895,0,0.0
12011,2,53,0.0,4,0.6230002176593986,1,0.0
12077,4,2,0.0,4,0.13162362577147696,0,0.0
12093,4,2,0.0,4,0.3045692369099294,0,0.0
12125,1,5,0.0,4,0.006243648322132566,0,0.0
13007,3,6,0.0,4,0.18403277715752886,0,0.0
13047,1,8,0.0,4,0.23760661128005223,0,0.0
13053,3,2,0.0,4,0.6540936424542942,1,0.0
13117,1,10,0.0,4,0.19939293373398204,0,0.0
13125,4,5,0.0,4,0.2516470973056133,0,0.0
13141,4,5,0.0,4,0.15052726324326557,0,0.0
13145,1,12,0.0,4,0.14520943459904428,0,0.0
13199,4,10,0.0,4,0.4346240274133421,0,0.0
13251,4,6,0.0,4,0.22000939833197403,0,0.0
13269,1,6,0.0,4,0.009982434208134263,0,0.0
13283,4,6,0.0,4,0.30104666889863463,0,0.0
13311,2,7,0.0,4,0.22165273705798935,0,0.0
16003,2,6,0.0,4,0.17624287324686172,0,0.0
16007,3,10,0.0,4,0.17464027538385724,0,0.0
16015,1,8,0.0,4,0.1708645122483941,0,0.0
16023,3,3,0.0,4,0.21011692214443134,0,0.0
16037,4,7,0.0,4,0.08502882923258735,0,0.0
16065,1,8,0.0,4,0.790551880692194,1,0.0
16077,4,4,0.0,4,0.3857658454788671,0,0.0
17031,2,176,0.0,4,0.7914116811704808,1,0.0
17061,2,13,0.0,4,0.23941618372353884,0,0.0
17069,3,5,0.0,4,0.16550574501508836,0,0.0
17129,1,8,0.0,4,0.19334129810868053,0,0.0
17143,1,27,0.0,4,0.5467040801287626,1,0.0
17169,3,12,0.0,4,0.1865456242330982,0,0.0
17191,3,20,0.0,4,0.29705678515406214,0,0.0
18049,2,16,0.0,4,0.48715835536201413,0,0.0
18097,3,40,0.0,4,0.8400240883303758,1,0.0
18111,2,12,0.0,4,0.5021947439842969,1,0.0
18137,2,12,0.0,4,0.22730700901720638,0,0.0
18151,1,9,0.0,4,0.32658885491431777,0,0.0
18161,2,6,0.0,4,0.25558547233031137,0,0.0
18165,2,8,0.0,4,0.36547287429291775,0,0.0
18179,2,16,0.0,4,0.4215075934272479,0,0.0
18183,1,10,0.0,4,0.27558175033799615,0,0.0
19033,2,17,0.0,4,0.2335518703264159,0,0.0
19047,3,19,0.0,4,0.2207040619590402,0,0.0
19051,2,10,0.0,4,0.16671415679342422,0,0.0
19069,2,17,0.0,4,0.20080444942351997,0,0.0
19085,2,15,0.0,4,0.1797587758037102,0,0.0
19117,2,9,0.0,4,0.18024138565491643,0,0.0
19119,1,12,0.0,4,0.17487284332498226,0,0.0
19137,3,10,0.0,4,0.2008992081765428,0,0.0
19143,2,8,0.0,4,0.2043148645969181,0,0.0
19147,1,14,0.0,4,0.18870362611283753,0,0.0
19165,1,19,0.0,4,0.19609746655570548,0,0.0
19183,2,13,0.0,4,0.21616508860271058,0,0.0
19191,1,12,0.0,4,0.1703478952777322,0,0.0
19195,1,10,0.0,4,0.18854965334829937,0,0.0
20003,3,10,0.0,4,0.20669467167295752,0,0.0
20023,3,5,0.0,4,0.19795214767358213,0,0.0
20091,1,34,0.0,4,0.12574433622859305,0,0.0
20105,2,10,0.0,4,0.19677210414312185,0,0.0
20109,2,7,0.0,4,0.21021522645612611,0,0.0
20151,2,11,0.0,4,0.20974332035532856,0,0.0
20171,1,4,0.0,4,0.186852583709895,0,0.0
20183,2,10,0.0,4,0.2092937277417366,0,0.0
20189,4,4,0.0,4,0.22936253036740545,0,0.0
20191,2,18,0.0,4,0.19398598751615626,0,0.0
21025,4,10,0.0,4,0.23729695754213173,0,0.0
21035,4,10,0.0,4,0.2655433499880516,0,0.0
21039,4,4,0.0,4,0.25050912304182826,0,0.0
21045,4,15,0.0,4,0.22548529954864677,0,0.0
21089,3,11,0.0,4,0.49643350270971753,0,0.0
21111,2,41,0.0,4,0.8121062886739124,1,0.0
21131,1,22,0.0,4,0.020218814992874097,0,0.0
21139,3,7,0.0,4,0.19576034273975607,0,0.0
22015,3,15,0.0,4,0.6159176228106877,1,1.0
22017,4,25,0.0,4,0.7523637260947569,1,1.0
22037,3,8,0.0,4,0.2744563587352765,0,0.0
22051,3,17,0.0,4,0.863473808964494,1,0.0
22075,2,9,0.0,4,0.7910057091022665,1,0.0
22097,1,18,0.0,4,0.667688249111095,1,1.0
24009,1,14,0.0,4,0.20652320762122822,0,0.0
24025,1,24,0.0,4,0.43131687844136746,0,1.0
26003,2,13,0.0,4,0.13493284475203002,0,0.0
26039,3,4,0.0,4,0.22353369555062216,0,0.0
26117,3,25,0.0,4,0.45281385582544914,0,0.0
26125,1,71,0.0,4,0.38840595079807033,0,0.0
26129,4,9,0.0,4,0.3475042589214217,0,0.0
26143,4,7,0.0,4,0.23535121170103915,0,0.0
26153,3,7,0.0,4,0.1867670230459864,0,0.0
27055,1,9,0.0,4,0.16184831597159516,0,0.0
27065,2,9,0.0,4,0.1606253896021832,0,0.0
27085,1,12,0.0,4,0.19363707374326736,0,0.0
27087,4,8,0.0,4,0.19701606701226912,0,0.0
27091,2,15,0.0,4,0.2277627086932349,0,0.0
28055,4,6,0.0,4,0.23838156744088568,0,0.0
28077,4,8,0.0,4,0.17586256536304617,0,0.0
28125,1,7,0.0,4,0.228507801833375,0,0.0
28143,4,5,0.0,4,0.6052473506545617,1,0.0
29003,2,17,0.0,4,0.38031011341064364,0,0.0
29047,1,23,0.0,4,0.5433692879171814,1,0.0
29101,2,19,0.0,4,0.5267193727832508,1,0.0
29129,2,7,0.0,4,0.1790396835096672,0,0.0
29149,4,12,0.0,4,0.2136987557554662,0,0.0
29151,1,15,0.0,4,0.16724872132890253,0,0.0
29155,4,13,0.0,4,0.6647352682319017,1,0.0
29157,2,8,0.0,4,0.3058392641840336,0,0.0
30001,3,10,0.0,4,0.17488866869691236,0,0.0
30027,3,11,0.0,4,0.18021522355983532,0,0.0
30041,3,10,0.0,4,0.202088840880296,0,0.0
30055,3,6,0.0,4,0.19761010929671577,0,0.0
30065,3,5,0.0,4,0.18477437087585846,0,0.0
30093,3,7,0.0,4,0.19112654258811612,0,0.0
31015,2,5,0.0,4,0.19266650966506932,0,0.0
31047,3,11,0.0,4,0.19543036091431693,0,0.0
31057,4,7,0.0,4,0.19200398249443362,0,0.0
31081,1,14,0.0,4,0.1806303480552912,0,0.0
31107,2,11,0.0,4,0.19171157763117985,0,0.0
31123,2,7,0.0,4,0.1900964159404686,0,0.0
31133,3,11,0.0,4,0.198436519398047,0,0.0
31151,3,12,0.0,4,0.17971764540264357,0,0.0
31159,1,18,0.0,4,0.18371926877905453,0,0.0
31181,2,8,0.0,4,0.19347385587735788,0,0.0
32011,1,4,0.0,4,0.224993090308712,0,0.0
32031,2,27,0.0,4,0.8520823098070279,1,0.0
34003,1,66,0.0,4,0.37751798349808324,0,0.0
34025,1,52,0.0,4,0.3548190167549402,0,0.0
35011,4,1,0.0,4,0.20519895996445137,0,0.0
36049,3,23,0.0,4,0.149067185765268,0,0.0
36095,2,24,0.0,4,0.161412220625059,0,0.0
36097,2,18,0.0,4,0.1722147177459459,0,0.0
37009,1,12,0.0,4,0.04352025033423838,0,0.0
37113,3,6,0.0,4,0.15369838406524666,0,0.0
37119,2,32,0.0,4,0.5840214800976301,1,0.0
37121,3,4,0.0,4,0.14995407841896619,0,0.0
37197,3,7,0.0,4,0.241074489325379,0,0.0
38023,2,10,0.0,4,0.20565566761365595,0,0.0
38025,1,12,0.0,4,0.19471930833346524,0,0.0
38031,1,8,0.0,4,0.19766362657456635,0,0.0
38053,1,12,0.0,4,0.18981615380885478,0,0.0
38057,1,10,0.0,4,0.18614573354215752,0,0.0
38077,1,19,0.0,4,0.060456857911710536,0,0.0
38097,1,12,0.0,4,0.18958953408521212,0,0.0
39005,2,19,0.0,4,0.31632950989696274,0,0.0
39031,3,18,0.0,4,0.27903279368756295,0,0.0
39053,3,12,0.0,4,0.3244082036860775,0,0.0
40103,2,11,0.0,4,0.2834384421962518,0,0.0
40125,3,16,0.0,4,0.5940714599688256,1,1.0
40143,2,42,0.0,4,0.8457089141911893,1,1.0
40151,2,7,0.0,4,0.2576458077881215,0,0.0
41055,2,5,0.0,4,0.22727033534325336,0,0.0
41071,2,15,0.0,4,0.3185111500362335,0,0.0
42049,1,32,0.0,4,0.7456986018209808,1,0.0
42067,2,13,0.0,4,0.16289886492125233,0,0.0
42091,1,69,0.0,4,0.2871023803862123,0,0.0
42133,1,45,0.0,4,0.19500159063241607,0,0.0
45053,4,9,0.0,4,0.3144473957566086,0,0.0
45061,4,12,0.0,4,0.40388615861708116,0,0.0
45075,1,24,0.0,4,0.5765309166647341,1,1.0
45083,2,34,0.0,4,0.530810383897325,1,0.0
46003,1,9,0.0,4,0.19214269445388826,0,0.0
46007,4,7,0.0,4,0.2738068141069537,0,0.0
46027,3,8,0.0,4,0.29658055237872344,0,0.0
46041,3,9,0.0,4,0.21435127723358355,0,0.0
46047,3,7,0.0,4,0.18220881436926256,0,0.0
46063,1,10,0.0,4,0.19023862479242698,0,0.0
46071,4,12,0.0,4,0.21956437777535553,0,0.0
46079,2,14,0.0,4,0.19324544992402948,0,0.0
46101,2,13,0.0,4,0.1900911847482417,0,0.0
46111,1,8,0.0,4,0.1979359739163214,0,0.0
46115,1,15,0.0,4,0.19651574019229767,0,0.0
46137,4,7,0.0,4,0.2651359027593511,0,0.0
47057,4,9,0.0,4,0.42891579556518306,0,0.0
47065,1,31,0.0,4,0.6087767060651745,1,0.0
47087,4,11,0.0,4,0.47741910005311883,0,0.0
47093,2,30,0.0,4,0.5753503208265619,1,0.0
47103,3,12,0.0,4,0.6193977431865174,1,0.0
47113,3,13,0.0,4,0.5153527190115301,1,1.0
47133,3,11,0.0,4,0.3854090974137381,0,0.0
47143,4,6,0.0,4,0.5327477769399342,1,0.0
47173,4,11,0.0,4,0.4200114229483242,0,0.0
48033,3,9,0.0,4,0.6053294733947899,1,0.0
48039,1,20,0.0,4,0.6898348207766385,1,0.0
48061,4,17,0.0,4,0.8681044336824687,1,0.0
48069,3,10,0.0,4,0.3375993208037051,0,0.0
48079,4,4,0.0,4,0.7145469336583266,1,0.0
48085,1,38,0.0,4,0.6468148013710094,1,0.0
48105,2,6,0.0,4,0.3220131563661277,0,0.0
48107,4,9,0.0,4,0.49605203311369256,0,0.0
48111,1,3,0.0,4,0.2237471786641136,0,0.0
48137,4,4,0.0,4,0.2298911558720753,0,0.0
48157,1,34,0.0,4,0.7285692570820603,1,0.0
48175,3,6,0.0,4,0.2095611994834783,0,0.0
48195,4,3,0.0,4,0.5435733173069095,1,0.0
48205,1,4,0.0,4,0.22350723911363074,0,0.0
48213,3,15,0.0,4,0.7540628357100388,1,1.0
48215,4,28,0.0,4,0.8869238419877018,1,0.0
48237,3,11,0.0,4,0.5195123570897129,1,0.0
48267,1,6,0.0,4,0.16739946028945277,0,0.0
48279,4,13,0.0,4,0.4487178645769643,0,0.0
48301,1,1,0.0,4,0.7328602646216874,1,0.0
48309,1,29,0.0,4,0.7125150957511764,1,0.0
48325,1,15,0.0,4,0.4602600887505727,0,0.0
48351,3,11,0.0,4,0.2844306491285842,0,0.0
48355,3,26,0.0,4,0.8400835659250707,1,0.0
48379,2,6,0.0,4,0.38141429384363484,0,0.0
48403,4,6,0.0,4,0.16819230142364736,0,0.0
48423,3,22,0.0,4,0.7842473837780692,1,1.0
48461,2,4,0.0,4,0.5602913221718328,1,0.0
49009,1,2,0.0,4,0.14569869870453417,0,0.0
49013,2,12,0.0,4,0.6615245889206254,1,0.0
49035,1,36,0.0,4,0.8525864601614398,1,0.0
49049,2,24,0.0,4,0.7516070061897918,1,0.0
50027,1,34,0.0,4,0.15482926670445246,0,0.0
51001,3,33,0.0,4,0.1727896329889569,0,0.0
51021,2,6,0.0,4,0.14804888887674225,0,0.0
51041,1,16,0.0,4,0.2069354827948804,0,0.0
51049,3,7,0.0,4,0.15841115156637306,0,0.0
51065,1,10,0.0,4,0.13408242922859687,0,0.0
51091,2,7,0.0,4,0.15100786029664504,0,0.0
51137,1,12,0.0,4,0.15729578084131668,0,0.0
51155,3,8,0.0,4,0.24262178900535908,0,0.0
51197,3,11,0.0,4,0.17837097849074396,0,0.0
51530,4,1,0.0,4,0.36841635780392823,0,0.0
51620,3,1,0.0,4,0.3207811852419466,0,0.0
51670,4,1,0.0,4,0.5669650108732767,1,0.0
51810,1,12,0.0,4,0.41912301716003075,0,0.0
53011,1,20,0.0,4,0.33968159742777926,0,0.0
53043,2,14,0.0,4,0.19924973028124546,0,0.0
53061,1,30,0.0,4,0.24380438772630464,0,0.0
53075,4,20,0.0,4,0.5807657548408105,1,0.0
54019,1,42,0.0,4,0.1305681902070148,0,0.0
54023,3,12,0.0,4,0.2270569111110504,0,0.0
54025,4,21,0.0,4,0.3400843456851296,0,0.0
54027,3,20,0.0,4,0.20285162720250832,0,0.0
54047,4,36,0.0,4,0.1303374610567024,0,0.0
54095,3,11,0.0,4,0.2314408408235059,0,0.0
54109,4,39,0.0,4,0.0628325034442494,0,0.0
55035,2,15,0.0,4,0.27052071324380345,0,0.0
55067,2,15,0.0,4,0.15508125962987507,0,0.0
55093,1,13,0.0,4,0.15940164287821143,0,0.0
56011,1,10,0.0,4,0.17504737661258932,0,0.0
56037,1,12,0.0,4,0.232190592057911,0,0.0
56039,1,9,0.0,4,0.14419938995611298,0,0.0
56041,1,5,0.0,4,0.17762856691181883,0,0.0
56045,2,4,0.0,4,0.16764391065474074,0,0.0
